Module / Category,Subsystem / Assembly,Part Description,Agilent Part Number,Replacement For / Original Part,Status,Torque / Service Note,Where to Buy,Notes
Multisampler (G7167B),Needle path,"Needle assembly, standard",G4267-87201,G4226-87012,Corrected from original,N/A,https://www.agilent.com/store/en_US/Prod-G4267-87201/G4267-87201,1290 Infinity III multisampler needle assembly.
Multisampler (G7167B),Needle path,"Needle assembly, slotted",G4267-87210,,Added - optional/variant,N/A,https://www.agilent.com/store/en_US/Prod-G4267-87210/G4267-87210,Use only if the installed needle configuration calls for slotted needle.
Multisampler (G7167B),Needle path,"High pressure needle seat, 0.12 mm, PEEK",G4267-87012,G4226-87011,Corrected from original,N/A,https://www.agilent.com/store/en_US/Prod-G4267-87012/G4267-87012,1290 Infinity III high pressure needle seat.
Multisampler (G7167B),Injection valve,"Rotor seal, 1300 bar, PEEK, single needle",5068-0198,5067-4782,Corrected from original,Follow service manual,https://www.agilent.com/store/en_US/Prod-5068-0198/5068-0198,"For 1290 Infinity III injection valve, single needle."
Multisampler (G7167B),Injection valve,"Stator head, 2-position/6-port VICI valve",5068-0197,5068-0001,Corrected from original,Follow service manual,https://www.agilent.com/store/en_US/Prod-5068-0197/5068-0197,For standard 1300 bar VICI injection valve.
Multisampler (G7167B),Injection valve,Stator screws for 2-position/6-port VICI valve,5068-0210,,Added - baseline/standard,Follow service manual,https://www.agilent.com/store/en_US/Prod-5068-0210/5068-0210,
Multisampler (G7167B),Injection valve,"2-position/6-port injection valve, VICI, 1300 bar",5067-4232,,Added - baseline/standard,Follow service manual,https://www.agilent.com/store/en_US/Prod-5067-4232/5067-4232,Standard valve listed for G7167B.
Multisampler (G7167B),Injection valve,"Blank nut, SL",5067-6127,,Added - baseline/standard,Follow service manual,https://www.agilent.com/store/en_US/Prod-5067-6127/5067-6127,
Multisampler (G7167B),Metering device,"Analytical head, 100 uL",G4267-60043,,Added - baseline/standard,Follow service manual,https://www.agilent.com/store/en_US/Prod-G4267-60043/G4267-60043,For G7167A/G7167B.
Multisampler (G7167B),Metering device,"Head assembly, 100 uL metering device",G4267-60433,,Added - baseline/standard,Follow service manual,https://www.agilent.com/store/en_US/Prod-G4267-60433/G4267-60433,
Multisampler (G7167B),Metering device,PE seal,0905-1719,,Added - baseline/standard,Follow service manual,https://www.agilent.com/store/en_US/Prod-0905-1719/0905-1719,Also used on pump heads; listed here for multisampler metering head.
Multisampler (G7167B),Metering device,Seal support assembly,G4267-60434,,Added - baseline/standard,Follow service manual,https://www.agilent.com/store/en_US/Prod-G4267-60434/G4267-60434,
Multisampler (G7167B),Metering device,Screw M3 x 12 mm,0515-1052,,Added - baseline/standard,Follow service manual,https://www.agilent.com/store/en_US/Prod-0515-1052/0515-1052,
Multisampler (G7167B),Metering device,Spring adapter assembly,G4267-60432,,Added - baseline/standard,Follow service manual,https://www.agilent.com/store/en_US/Prod-G4267-60432/G4267-60432,
Multisampler (G7167B),Metering device,"Piston, 100 uL, ZrO2",5067-5678,,Added - baseline/standard,Follow service manual,https://www.agilent.com/store/en_US/Prod-5067-5678/5067-5678,
Multisampler (G7167B),Metering device,RFID clamp,G4267-40430,,Added - baseline/standard,Follow service manual,https://www.agilent.com/store/en_US/Prod-G4267-40430/G4267-40430,
Multisampler (G7167B),Metering device,O-ring,5043-1000,,Added - baseline/standard,Follow service manual,https://www.agilent.com/store/en_US/Prod-5043-1000/5043-1000,
Multisampler (G7167B),Sample loop - right side,"Sample loop, 20 uL, right",G4267-60300,,Added - baseline/standard,Follow service manual,https://www.agilent.com/store/en_US/Prod-G4267-60300/G4267-60300,
Multisampler (G7167B),Sample loop - right side,"Sample loop, 40 uL, right",G4267-60400,,Added - baseline/standard,Follow service manual,https://www.agilent.com/store/en_US/Prod-G4267-60400/G4267-60400,
Multisampler (G7167B),Sample loop - right side,"Sample loop, 100 uL, right",G4267-60500,G4226-87010,Corrected from original,Follow service manual,https://www.agilent.com/store/en_US/Prod-G4267-60500/G4267-60500,Most likely replacement for the 100 uL sample loop in this stack.
Multisampler (G7167B),Sample loop - right side,"Sample loop flex, 500 uL, right",G7167-68500,,Added - optional/variant,Follow service manual,https://www.agilent.com/store/en_US/Prod-G7167-68500/G7167-68500,Only if configured for 500 uL loop.
Multisampler (G7167B),Sample loop - right side,"Sample loop flex, 900 uL, right",G7167-68900,,Added - optional/variant,Follow service manual,https://www.agilent.com/store/en_US/Prod-G7167-68900/G7167-68900,Only if configured for 900 uL loop.
Multisampler (G7167B),Sample loop - right side,"Extension loop flex, 500-900 uL",G7167-60300,,Added - optional/variant,Follow service manual,https://www.agilent.com/store/en_US/Prod-G7167-60300/G7167-60300,For large-loop configuration.
Multisampler (G7167B),Dual needle option,"Sample loop flex, 20 uL, right, dual needle",G4267-60311,,Added - optional/variant,Follow service manual,https://www.agilent.com/store/en_US/Prod-G4267-60311/G4267-60311,
Multisampler (G7167B),Dual needle option,"Sample loop flex, 40 uL, right, dual needle",G4267-60411,,Added - optional/variant,Follow service manual,https://www.agilent.com/store/en_US/Prod-G4267-60411/G4267-60411,
Multisampler (G7167B),Dual needle option,"Sample loop flex, 100 uL, right, dual needle",G4267-60511,,Added - optional/variant,Follow service manual,https://www.agilent.com/store/en_US/Prod-G4267-60511/G4267-60511,
Multisampler (G7167B),Dual needle option,"Sample loop flex, 500 uL, right, dual needle",G7167-68511,,Added - optional/variant,Follow service manual,https://www.agilent.com/store/en_US/Prod-G7167-68511/G7167-68511,
Multisampler (G7167B),Dual needle option,"Sample loop flex, 900 uL, right, dual needle",G7167-68911,,Added - optional/variant,Follow service manual,https://www.agilent.com/store/en_US/Prod-G7167-68911/G7167-68911,
Multisampler (G7167B),Dual needle option,"Extension loop flex, right, dual needle",G7167-60311,,Added - optional/variant,Follow service manual,https://www.agilent.com/store/en_US/Prod-G7167-60311/G7167-60311,
Multisampler (G7167B),Dual needle option,"Sample loop flex, 20 uL, left, dual needle",G4267-60301,,Added - optional/variant,Follow service manual,https://www.agilent.com/store/en_US/Prod-G4267-60301/G4267-60301,
Multisampler (G7167B),Dual needle option,"Sample loop flex, 40 uL, left, dual needle",G4267-60401,,Added - optional/variant,Follow service manual,https://www.agilent.com/store/en_US/Prod-G4267-60401/G4267-60401,
Multisampler (G7167B),Dual needle option,"Sample loop flex, 100 uL, left, dual needle",G4267-60501,,Added - optional/variant,Follow service manual,https://www.agilent.com/store/en_US/Prod-G4267-60501/G4267-60501,
Multisampler (G7167B),Dual needle option,"Sample loop flex, 500 uL, left, dual needle",G7167-68501,,Added - optional/variant,Follow service manual,https://www.agilent.com/store/en_US/Prod-G7167-68501/G7167-68501,
Multisampler (G7167B),Dual needle option,"Sample loop flex, 900 uL, left, dual needle",G7167-68901,,Added - optional/variant,Follow service manual,https://www.agilent.com/store/en_US/Prod-G7167-68901/G7167-68901,
Multisampler (G7167B),Dual needle option,"Extension loop flex, left, dual needle",G7167-60301,,Added - optional/variant,Follow service manual,https://www.agilent.com/store/en_US/Prod-G7167-60301/G7167-60301,
Multisampler (G7167B),Dual needle option,"2-position/8-port injection valve, dual needle",5067-4260,,Added - optional/variant,Follow service manual,https://www.agilent.com/store/en_US/Prod-5067-4260/5067-4260,
Multisampler (G7167B),Dual needle option,Stator for dual needle valve,5068-0231,,Added - optional/variant,Follow service manual,https://www.agilent.com/store/en_US/Prod-5068-0231/5068-0231,
Multisampler (G7167B),Dual needle option,Rotor seal for dual needle injection valve,5068-0232,,Added - optional/variant,Follow service manual,https://www.agilent.com/store/en_US/Prod-5068-0232/5068-0232,
Multisampler (G7167B),Dual needle option,Needle port assembly station,G4267-60044,,Added - optional/variant,Follow service manual,https://www.agilent.com/store/en_US/Prod-G4267-60044/G4267-60044,
Multisampler (G7167B),Dual needle option,Needle port adapter,G4267-40045,,Added - optional/variant,Follow service manual,https://www.agilent.com/store/en_US/Prod-G4267-40045/G4267-40045,
Multisampler (G7167B),Tubing/capillaries,"Capillary ST 0.17 x 100 mm, metering device to injection valve",5500-1159,,Added - baseline/standard,Follow service manual,https://www.agilent.com/store/en_US/Prod-5500-1159/5500-1159,
Multisampler (G7167B),Tubing/capillaries,"Capillary ST 0.17 x 500 mm, SI/SI",5500-1246,,Added - baseline/standard,Follow service manual,https://www.agilent.com/store/en_US/Prod-5500-1246/5500-1246,
Multisampler (G7167B),Tubing/capillaries,"Capillary ST 0.12 x 500 mm, SL/S, sampler to column compartment",5500-1157,5043-1066,Corrected from original,Follow service manual,https://www.agilent.com/store/en_US/Prod-5500-1157/5500-1157,Use installed stack layout to confirm length and fitting style.
Multisampler (G7167B),Doors/accessories,"Door kit, Infinity III 320 mm multisampler",5004-0056,,Added - baseline/standard,N/A,https://www.agilent.com/store/en_US/Prod-5004-0056/5004-0056,
Multisampler (G7167B),Doors/accessories,"Insulation window, Infinity II/III 320 right",5043-0885,,Added - baseline/standard,N/A,https://www.agilent.com/store/en_US/Prod-5043-0885/5043-0885,
Multisampler (G7167B),Doors/accessories,"Door, multisampler",5360-0024,,Added - baseline/standard,N/A,https://www.agilent.com/store/en_US/Prod-5360-0024/5360-0024,
Multisampler (G7167B),Doors/accessories,"Side window, multisampler",5431-0062,,Added - baseline/standard,N/A,https://www.agilent.com/store/en_US/Prod-5431-0062/5431-0062,
Multisampler (G7167B),Doors/accessories,Door assembly,5067-5415,,Added - baseline/standard,N/A,https://www.agilent.com/store/en_US/Prod-5067-5415/5067-5415,
Multisampler (G7167B),Doors/accessories,Magnet,5021-1879,,Added - baseline/standard,N/A,https://www.agilent.com/store/en_US/Prod-5021-1879/5021-1879,
Multisampler (G7167B),Doors/accessories,"Hinge, universal",5431-0016,,Added - baseline/standard,N/A,https://www.agilent.com/store/en_US/Prod-5431-0016/5431-0016,
Multisampler (G7167B),Doors/accessories,Light protection kit,G7167-68718,,Added - optional/variant,N/A,https://www.agilent.com/store/en_US/Prod-G7167-68718/G7167-68718,
Multisampler (G7167B),Accessory/PM kits,Accessory kit for G7167B,G4267-68705,,Added - kit/accessory,N/A,https://www.agilent.com/store/en_US/Prod-G4267-68705/G4267-68705,
Multisampler (G7167B),Accessory/PM kits,"Preventive maintenance kit, multisampler standard",G7167-68710,,Added - PM kit,Follow kit instructions,https://www.agilent.com/store/en_US/Prod-G7167-68710/G7167-68710,Agilent store PM kit for standard multisampler.
Multisampler (G7167B),Accessory/PM kits,"Preventive maintenance kit, multisampler dual needle",G7167-68720,,Added - optional/variant PM kit,Follow kit instructions,https://www.agilent.com/store/en_US/Prod-G7167-68720/G7167-68720,Use only for dual needle configuration.
Multisampler (G7167B),Bottle/tubing,Bottle head assembly,G4220-60007,,Added - baseline/standard,N/A,https://www.agilent.com/store/en_US/Prod-G4220-60007/G4220-60007,Manual notes this is not included in the G4267-68705 accessory kit.
Multisampler (G7167B),Bottle/tubing,"Tubing kit, sampler standard",G4267-60061,,Added - baseline/standard,N/A,https://www.agilent.com/store/en_US/Prod-G4267-60061/G4267-60061,
Multisampler (G7167B),Bottle/tubing,"Tubing silicone rubber, 1.2 m",5063-6527,,Added - baseline/standard,N/A,https://www.agilent.com/store/en_US/Prod-5063-6527/5063-6527,Also used by other modules for waste/leak tubing.
Multisampler (G7167B),Bottle/tubing,"CAN cable, 1 m",5181-1519,,Added - baseline/standard,N/A,https://www.agilent.com/store/en_US/Prod-5181-1519/5181-1519,
Multisampler (G7167B),Tools/small parts,Mounting tool,0100-1710,,Added - tool,N/A,https://www.agilent.com/store/en_US/Prod-0100-1710/0100-1710,
Multisampler (G7167B),Tools/small parts,Mounting tool,5023-2533,,Added - tool,N/A,https://www.agilent.com/store/en_US/Prod-5023-2533/5023-2533,
Multisampler (G7167B),Tools/small parts,Tubing connector leak kit,5067-6137,,Added - baseline/standard,N/A,https://www.agilent.com/store/en_US/Prod-5067-6137/5067-6137,
High-Speed Pump (G7120A),Main assemblies,"Jet Weaver, 35 uL/100 uL",G7120-68135,,Added - baseline/standard,Follow service manual,https://www.agilent.com/store/en_US/Prod-G7120-68135/G7120-68135,
High-Speed Pump (G7120A),Main assemblies,"Jet Weaver, 380 uL",G7120-68380,,Added - optional/variant,Follow service manual,https://www.agilent.com/store/en_US/Prod-G7120-68380/G7120-68380,Confirm installed mixer/Jet Weaver volume.
High-Speed Pump (G7120A),Main assemblies,SSV valve assembly,G7120-60029,,Added - baseline/standard,Follow service manual,https://www.agilent.com/store/en_US/Prod-G7120-60029/G7120-60029,
High-Speed Pump (G7120A),Main assemblies,Peristaltic pump cartridge,5065-4445,,Added - baseline/standard,N/A,https://www.agilent.com/store/en_US/Prod-5065-4445/5065-4445,
High-Speed Pump (G7120A),Main assemblies,"Pressure sensor, 1300 bar",G7104-60001,,Added - baseline/standard,Follow service manual,https://www.agilent.com/store/en_US/Prod-G7104-60001/G7104-60001,
High-Speed Pump (G7120A),Main assemblies,"Long Life Pump Head, Channel A",G4220-60350,,Added - baseline/standard,Follow service manual,https://www.agilent.com/store/en_US/Prod-G4220-60350/G4220-60350,
High-Speed Pump (G7120A),Main assemblies,"Long Life Pump Head, Channel B",G4220-60360,,Added - baseline/standard,Follow service manual,https://www.agilent.com/store/en_US/Prod-G4220-60360/G4220-60360,
High-Speed Pump (G7120A),PM kits,Preventive maintenance kit for 1290 Infinity II/III high-speed pump,G7120-68741,,Added - PM kit,Follow kit instructions,https://www.agilent.com/store/en_US/Prod-G7120-68741/G7120-68741,
High-Speed Pump (G7120A),Flow connections,"Capillary ST 0.25 x 250 mm, purge valve to pump heads",5067-4655,,Added - baseline/standard,Follow service manual,https://www.agilent.com/store/en_US/Prod-5067-4655/5067-4655,
High-Speed Pump (G7120A),Flow connections,"Silicone tubing, 1 mm ID, 3 mm OD, 5 m",5065-9978,,Added - baseline/standard,N/A,https://www.agilent.com/store/en_US/Prod-5065-9978/5065-9978,
High-Speed Pump (G7120A),Flow connections,"Tubing kit 140 mm, 2/pk, SSV to shutoff valve/degasser",G4220-60035,,Added - baseline/standard,N/A,https://www.agilent.com/store/en_US/Prod-G4220-60035/G4220-60035,
High-Speed Pump (G7120A),Flow connections,"Tubing kit 270 mm, 2/pk",5067-4661,,Added - optional/variant,N/A,https://www.agilent.com/store/en_US/Prod-5067-4661/5067-4661,
High-Speed Pump (G7120A),Flow connections,"Capillary ST 0.17 x 300 mm, valve to Jet Weaver",G4220-87000,,Added - baseline/standard,Follow service manual,https://www.agilent.com/store/en_US/Prod-G4220-87000/G4220-87000,
High-Speed Pump (G7120A),Flow connections,"Capillary ST 0.25 x 130 mm, purge valve to pressure sensor",01090-87308,,Added - baseline/standard,Follow service manual,https://www.agilent.com/store/en_US/Prod-01090-87308/01090-87308,
High-Speed Pump (G7120A),Flow connections,"Valve holder, left",G7120-40004,,Added - baseline/standard,N/A,https://www.agilent.com/store/en_US/Prod-G7120-40004/G7120-40004,
High-Speed Pump (G7120A),Flow connections,Shutoff valve,5067-4124,,Added - baseline/standard,N/A,https://www.agilent.com/store/en_US/Prod-5067-4124/5067-4124,
High-Speed Pump (G7120A),Flow connections,"Bottle head assembly, long, 1730 mm",G7120-60007,,Added - baseline/standard,N/A,https://www.agilent.com/store/en_US/Prod-G7120-60007/G7120-60007,
High-Speed Pump (G7120A),Flow connections,Ultra Clean tubing kit,G7120-68070,,Added - optional/variant,N/A,https://www.agilent.com/store/en_US/Prod-G7120-68070/G7120-68070,Use only if Ultra Clean flow-path kit is installed.
High-Speed Pump (G7120A),Flow connections,"Tubing kit 140 mm, Ultra Clean",G4220-60070,,Added - optional/variant,N/A,https://www.agilent.com/store/en_US/Prod-G4220-60070/G4220-60070,Use only with Ultra Clean configuration.
High-Speed Pump (G7120A),Flow connections,"Bottle head assembly, long, Ultra Clean",G7120-60017,,Added - optional/variant,N/A,https://www.agilent.com/store/en_US/Prod-G7120-60017/G7120-60017,Use only with Ultra Clean configuration.
High-Speed Pump (G7120A),Flow connections,Solvent cabinet kit,5067-6871,,Added - optional/variant,N/A,https://www.agilent.com/store/en_US/Prod-5067-6871/5067-6871,
High-Speed Pump (G7120A),Pump heads,"Primary pump head assembly, pendulum",G4220-60661,,Added - baseline/standard,Follow service manual,https://www.agilent.com/store/en_US/Prod-G4220-60661/G4220-60661,
High-Speed Pump (G7120A),Pump heads,"Secondary pump head assembly, pendulum",G4220-60660,,Added - baseline/standard,Follow service manual,https://www.agilent.com/store/en_US/Prod-G4220-60660/G4220-60660,
High-Speed Pump (G7120A),Pump heads,"Inlet valve, primary pump head",G4220-60022,,Original - verified,Approx. 10 Nm per replace-inlet-valve procedure,https://www.agilent.com/store/en_US/Prod-G4220-60022/G4220-60022,Original entry kept; confirmed as 1200/1300 bar inlet valve family.
High-Speed Pump (G7120A),Pump heads,"Outlet valve, 1300 bar",G4220-60028,5067-4728,Corrected from original,Follow service manual,https://www.agilent.com/store/en_US/Prod-G4220-60028/G4220-60028,"Original 5067-4728 is a high-pressure filter seal cap assembly, not the outlet valve."
High-Speed Pump (G7120A),Pump heads,Internal gold seal,G4220-20020,,Added - baseline/standard,Follow service manual,https://www.agilent.com/store/en_US/Prod-G4220-20020/G4220-20020,
High-Speed Pump (G7120A),Pump heads,"Cap, outlet valve",5042-9966,,Added - baseline/standard,Follow service manual,https://www.agilent.com/store/en_US/Prod-5042-9966/5042-9966,
High-Speed Pump (G7120A),Pump heads,"Pump head adapter assembly, ST",G1312-60001,,Added - baseline/standard,Follow service manual,https://www.agilent.com/store/en_US/Prod-G1312-60001/G1312-60001,
High-Speed Pump (G7120A),Pump heads,"Heat exchanger, Channel A",G4220-81013,,Added - baseline/standard,Follow service manual,https://www.agilent.com/store/en_US/Prod-G4220-81013/G4220-81013,
High-Speed Pump (G7120A),Pump heads,Screw M5 x 10 planar,5023-3119,,Added - baseline/standard,Follow service manual,https://www.agilent.com/store/en_US/Prod-5023-3119/5023-3119,
High-Speed Pump (G7120A),Pump heads,Link plate,G4220-40001,,Added - baseline/standard,Follow service manual,https://www.agilent.com/store/en_US/Prod-G4220-40001/G4220-40001,
High-Speed Pump (G7120A),Pump heads,RF transponder,0960-2971,,Added - baseline/standard,Follow service manual,https://www.agilent.com/store/en_US/Prod-0960-2971/0960-2971,
High-Speed Pump (G7120A),Pump heads,"Plunger assembly, ZrO2, long-life",5067-5975,5067-4681,Corrected from original,Follow service manual,https://www.agilent.com/store/en_US/Prod-5067-5975/5067-5975,Replacement for original sapphire piston row for G7120A long-life pump head.
High-Speed Pump (G7120A),Pump heads,Screw M5 x 40,5810-0009,,Added - baseline/standard,Follow service manual,https://www.agilent.com/store/en_US/Prod-5810-0009/5810-0009,
High-Speed Pump (G7120A),Pump heads,"Preload-support assembly, long-life",G4220-60046,,Added - baseline/standard,Follow service manual,https://www.agilent.com/store/en_US/Prod-G4220-60046/G4220-60046,
High-Speed Pump (G7120A),Pump heads,"Wash seal, PTFE",0905-1175,,Added - baseline/standard,Follow service manual,https://www.agilent.com/store/en_US/Prod-0905-1175/0905-1175,
High-Speed Pump (G7120A),Pump heads,"Seal holder integrated assembly, EM/LL",G4220-60616,,Added - baseline/standard,Follow service manual,https://www.agilent.com/store/en_US/Prod-G4220-60616/G4220-60616,
High-Speed Pump (G7120A),Pump heads,PE seal,0905-1719,0905-1420,Corrected from original,Follow service manual,https://www.agilent.com/store/en_US/Prod-0905-1719/0905-1719,Current long-life pump head seal listed in official G7120A parts page.
High-Speed Pump (G7120A),Pump heads,"Body head, primary, EM/LL",G4220-60533,,Added - baseline/standard,Follow service manual,https://www.agilent.com/store/en_US/Prod-G4220-60533/G4220-60533,
High-Speed Pump (G7120A),Pump heads,"Body head, secondary, EM/LL",G4220-25513,,Added - baseline/standard,Follow service manual,https://www.agilent.com/store/en_US/Prod-G4220-25513/G4220-25513,
High-Speed Pump (G7120A),Pump heads,Spacer fitting,G4220-20001,,Added - baseline/standard,Follow service manual,https://www.agilent.com/store/en_US/Prod-G4220-20001/G4220-20001,
High-Speed Pump (G7120A),Pump heads,Lid,G4220-20000,,Added - baseline/standard,Follow service manual,https://www.agilent.com/store/en_US/Prod-G4220-20000/G4220-20000,
High-Speed Pump (G7120A),Pump heads,Pump head screw,G4220-20003,,Added - baseline/standard,Follow service manual,https://www.agilent.com/store/en_US/Prod-G4220-20003/G4220-20003,
High-Speed Pump (G7120A),Purge valve/filter,Purge valve head,5067-4236,,Added - baseline/standard,Follow service manual,https://www.agilent.com/store/en_US/Prod-5067-4236/5067-4236,
High-Speed Pump (G7120A),Purge valve/filter,Purge valve stator screws,1535-4857,,Added - baseline/standard,Follow service manual,https://www.agilent.com/store/en_US/Prod-1535-4857/1535-4857,
High-Speed Pump (G7120A),Purge valve/filter,Purge valve stator,5068-0004,,Added - baseline/standard,Follow service manual,https://www.agilent.com/store/en_US/Prod-5068-0004/5068-0004,
High-Speed Pump (G7120A),Purge valve/filter,"Purge valve rotor seal, PEEK, 1300 bar",5068-0201,,Added - baseline/standard,Follow service manual,https://www.agilent.com/store/en_US/Prod-5068-0201/5068-0201,
High-Speed Pump (G7120A),Purge valve/filter,Rulon bearing ring,1535-4045,,Added - baseline/standard,Follow service manual,https://www.agilent.com/store/en_US/Prod-1535-4045/1535-4045,
High-Speed Pump (G7120A),Purge valve/filter,Seal cap assembly for high pressure filter,5067-4728,,Original part number reclassified,Re-install filter assembly approx. 16 Nm,https://www.agilent.com/store/en_US/Prod-5067-4728/5067-4728,This was in the original list as an outlet check valve; reclassified to the correct filter part.
High-Speed Pump (G7120A),Purge valve/filter,"PTFE frit for high pressure filter, 5/pk",01018-22707,,Added - baseline/standard,Follow service manual,https://www.agilent.com/store/en_US/Prod-01018-22707/01018-22707,
High-Speed Pump (G7120A),Accessory kit,Accessory kit for G7120A high-speed pump,G7120-68705,,Added - kit/accessory,N/A,https://www.agilent.com/store/en_US/Prod-G7120-68705/G7120-68705,
High-Speed Pump (G7120A),Accessory kit,Waste tubing with fitting,G4220-67000,,Added - kit/accessory,N/A,https://www.agilent.com/store/en_US/Prod-G4220-67000/G4220-67000,
High-Speed Pump (G7120A),Accessory kit,Seal handling device,5067-6197,,Added - tool,N/A,https://www.agilent.com/store/en_US/Prod-5067-6197/5067-6197,
High-Speed Pump (G7120A),Accessory kit,Pump head holder,5043-1400,,Added - tool,N/A,https://www.agilent.com/store/en_US/Prod-5043-1400/5043-1400,
High-Speed Pump (G7120A),Accessory kit,"Capillary ST 0.17 x 900 mm, SI/SX",5500-1217,5067-4650,Corrected from original,Follow service manual,https://www.agilent.com/store/en_US/Prod-5500-1217/5500-1217,Use installed stack layout to verify pump-to-sampler capillary length/fitting style.
Multicolumn Thermostat (G7116B),Plastics/cabinet,"Door kit, TCC HE",G7116-60004,,Added - baseline/standard,N/A,https://www.agilent.com/store/en_US/Prod-G7116-60004/G7116-60004,
Multicolumn Thermostat (G7116B),Plastics/cabinet,"Cabinet kit, MCT",G7116-68713,,Added - baseline/standard,N/A,https://www.agilent.com/store/en_US/Prod-G7116-68713/G7116-68713,Contains multiple cabinet/plastic parts.
Multicolumn Thermostat (G7116B),Plastics/cabinet,"Base cover, MCT",G7116-40100,,Added - baseline/standard,N/A,https://www.agilent.com/store/en_US/Prod-G7116-40100/G7116-40100,
Multicolumn Thermostat (G7116B),Plastics/cabinet,Side cover left insert,G7116-40103,,Added - baseline/standard,N/A,https://www.agilent.com/store/en_US/Prod-G7116-40103/G7116-40103,
Multicolumn Thermostat (G7116B),Plastics/cabinet,Side cover right insert,G7116-40106,,Added - baseline/standard,N/A,https://www.agilent.com/store/en_US/Prod-G7116-40106/G7116-40106,
Multicolumn Thermostat (G7116B),Plastics/cabinet,MCT hinge base assembly kit,G7116-67004,,Added - baseline/standard,N/A,https://www.agilent.com/store/en_US/Prod-G7116-67004/G7116-67004,
Multicolumn Thermostat (G7116B),Plastics/cabinet,Transportation foam assembly,G7116-60003,,Added - baseline/standard,N/A,https://www.agilent.com/store/en_US/Prod-G7116-60003/G7116-60003,
Multicolumn Thermostat (G7116B),Leak parts,"Leak adapter top, MCT",G7116-40043,,Added - baseline/standard,N/A,https://www.agilent.com/store/en_US/Prod-G7116-40043/G7116-40043,
Multicolumn Thermostat (G7116B),Leak parts,"Leak adapter hitch, MCT",G7116-40013,,Added - baseline/standard,N/A,https://www.agilent.com/store/en_US/Prod-G7116-40013/G7116-40013,
Multicolumn Thermostat (G7116B),Valve options,Valve drive upgrade kit for MCT,G1353D,,Added - optional/variant,Follow service manual,https://www.agilent.com/store/en_US/Prod-G1353D/G1353D,
Multicolumn Thermostat (G7116B),Valve options,1290 Infinity III valve drive,G1170A,,Added - optional/variant,Follow service manual,https://www.agilent.com/store/en_US/Prod-G1170A/G1170A,
Multicolumn Thermostat (G7116B),Valve options,"Valve holder kit, right",5067-6138,,Added - optional/variant,Follow service manual,https://www.agilent.com/store/en_US/Prod-5067-6138/5067-6138,
Multicolumn Thermostat (G7116B),Valve options,"Valve holder kit, left",5067-6139,,Added - optional/variant,Follow service manual,https://www.agilent.com/store/en_US/Prod-5067-6139/5067-6139,
Multicolumn Thermostat (G7116B),Valve options,Valve drive accessory kit,G1170-68705,,Added - optional/variant,Follow service manual,https://www.agilent.com/store/en_US/Prod-G1170-68705/G1170-68705,
Multicolumn Thermostat (G7116B),Heat exchangers,"Quick Connect Heat Exchanger, ultra-low dispersion, 1.0 uL",G7116-60021,,Added - optional/variant,Follow service manual,https://www.agilent.com/store/en_US/Prod-G7116-60021/G7116-60021,Choose by installed column/flow setup.
Multicolumn Thermostat (G7116B),Heat exchangers,"Quick Connect Heat Exchanger, standard flow, 1.6 uL",G7116-60015,G1316-87300,Corrected from original,Follow service manual,https://www.agilent.com/store/en_US/Prod-G7116-60015/G7116-60015,Default/common heat exchanger for G7116B; confirm installed flow path.
Multicolumn Thermostat (G7116B),Heat exchangers,"Quick Connect Heat Exchanger, large ID, 3.0 uL",G7116-60051,,Added - optional/variant,Follow service manual,https://www.agilent.com/store/en_US/Prod-G7116-60051/G7116-60051,
Multicolumn Thermostat (G7116B),Heat exchangers,"Quick Connect Heat Exchanger, high flow, 3.0 uL",G7116-60031,,Added - optional/variant,Follow service manual,https://www.agilent.com/store/en_US/Prod-G7116-60031/G7116-60031,
Multicolumn Thermostat (G7116B),Heat exchangers,"Quick Connect Heat Exchanger, large ID high flow, 6.0 uL",G7116-60061,,Added - optional/variant,Follow service manual,https://www.agilent.com/store/en_US/Prod-G7116-60061/G7116-60061,
Multicolumn Thermostat (G7116B),Heat exchangers,"Bio heat exchanger, low dispersion",G7116-60091,,Added - optional/variant,Follow service manual,https://www.agilent.com/store/en_US/Prod-G7116-60091/G7116-60091,
Multicolumn Thermostat (G7116B),Heat exchangers,"Bio heat exchanger, standard flow",G7116-60071,,Added - optional/variant,Follow service manual,https://www.agilent.com/store/en_US/Prod-G7116-60071/G7116-60071,
Multicolumn Thermostat (G7116B),Heat exchangers,"Bio heat exchanger, high flow",G7116-60081,,Added - optional/variant,Follow service manual,https://www.agilent.com/store/en_US/Prod-G7116-60081/G7116-60081,
Multicolumn Thermostat (G7116B),Heat exchangers,Bio-inert heat exchanger,G7116-60041,,Added - optional/variant,Follow service manual,https://www.agilent.com/store/en_US/Prod-G7116-60041/G7116-60041,
Multicolumn Thermostat (G7116B),Accessory kit,Accessory kit for G7116B MCT,G7116-68705,,Added - kit/accessory,N/A,https://www.agilent.com/store/en_US/Prod-G7116-68705/G7116-68705,
Multicolumn Thermostat (G7116B),Accessory kit,"Quick Turn Capillary ST 0.12 x 280 mm, long socket",5500-1191,5067-4649,Corrected from original,Follow service manual,https://www.agilent.com/store/en_US/Prod-5500-1191/5500-1191,Typically column outlet to DAD; verify length for installed stack.
Multicolumn Thermostat (G7116B),Accessory kit,Quick Turn fitting,5067-5966,5067-4730,Corrected from original,Hand tight; follow fitting instructions,https://www.agilent.com/store/en_US/Prod-5067-5966/5067-5966,Current InfinityLab Quick Turn fitting listed for G7116B accessory kit.
Multicolumn Thermostat (G7116B),Accessory kit,Quick Connect assembly ST 0.12 x 105 mm,5067-5957,,Added - baseline/standard,Follow service manual,https://www.agilent.com/store/en_US/Prod-5067-5957/5067-5957,
Multicolumn Thermostat (G7116B),Accessory kit,"Column holder lamella, 2/pk",G7116-68003,,Added - baseline/standard,N/A,https://www.agilent.com/store/en_US/Prod-G7116-68003/G7116-68003,
Multicolumn Thermostat (G7116B),Accessory kit,Fitting mounting tool,5043-0915,,Added - tool,N/A,https://www.agilent.com/store/en_US/Prod-5043-0915/5043-0915,
Multicolumn Thermostat (G7116B),Accessory kit,"Divider assembly, MCT",G7116-60006,,Added - baseline/standard,N/A,https://www.agilent.com/store/en_US/Prod-G7116-60006/G7116-60006,
Multicolumn Thermostat (G7116B),Accessory kit,Union,5022-2184,,Added - baseline/standard,N/A,https://www.agilent.com/store/en_US/Prod-5022-2184/5022-2184,
Multicolumn Thermostat (G7116B),Consumables,Column holder clamp,G7116-68004,,Added - baseline/standard,N/A,https://www.agilent.com/store/en_US/Prod-G7116-68004/G7116-68004,
Multicolumn Thermostat (G7116B),Consumables,InfinityLab Column Identification Tag,5067-5917,,Added - baseline/standard,N/A,https://www.agilent.com/store/en_US/Prod-5067-5917/5067-5917,
Multicolumn Thermostat (G7116B),Consumables,InfinityLab Thermal Equilibration Device,G7116-60013,,Added - optional/variant,N/A,https://www.agilent.com/store/en_US/Prod-G7116-60013/G7116-60013,
Multicolumn Thermostat (G7116B),Fittings/capillaries,InfinityLab Quick Connect LC fitting,5067-5965,,Added - baseline/standard,Hand tight; follow fitting instructions,https://www.agilent.com/store/en_US/Prod-5067-5965/5067-5965,
Multicolumn Thermostat (G7116B),Fittings/capillaries,InfinityLab Quick Connect/Quick Turn front ferrule,5043-0924,,Added - baseline/standard,Hand tight; follow fitting instructions,https://www.agilent.com/store/en_US/Prod-5043-0924/5043-0924,
Multicolumn Thermostat (G7116B),Fittings/capillaries,Quick Connect assembly ST 0.075 x 105 mm,5067-5961,,Added - optional/variant,Follow service manual,https://www.agilent.com/store/en_US/Prod-5067-5961/5067-5961,Select ID/length by column and flow-path configuration.
Multicolumn Thermostat (G7116B),Fittings/capillaries,Quick Connect assembly ST 0.075 x 150 mm,5067-6163,,Added - optional/variant,Follow service manual,https://www.agilent.com/store/en_US/Prod-5067-6163/5067-6163,Select ID/length by column and flow-path configuration.
Multicolumn Thermostat (G7116B),Fittings/capillaries,Quick Connect assembly ST 0.075 x 220 mm,5067-6164,,Added - optional/variant,Follow service manual,https://www.agilent.com/store/en_US/Prod-5067-6164/5067-6164,Select ID/length by column and flow-path configuration.
Multicolumn Thermostat (G7116B),Fittings/capillaries,Quick Connect assembly ST 0.075 x 280 mm,5067-6165,,Added - optional/variant,Follow service manual,https://www.agilent.com/store/en_US/Prod-5067-6165/5067-6165,Select ID/length by column and flow-path configuration.
Multicolumn Thermostat (G7116B),Fittings/capillaries,Quick Connect assembly ST 0.12 x 150 mm,5067-5958,,Added - optional/variant,Follow service manual,https://www.agilent.com/store/en_US/Prod-5067-5958/5067-5958,Select ID/length by column and flow-path configuration.
Multicolumn Thermostat (G7116B),Fittings/capillaries,Quick Connect assembly ST 0.12 x 220 mm,5067-5959,,Added - optional/variant,Follow service manual,https://www.agilent.com/store/en_US/Prod-5067-5959/5067-5959,Select ID/length by column and flow-path configuration.
Multicolumn Thermostat (G7116B),Fittings/capillaries,Quick Connect assembly ST 0.12 x 280 mm,5067-5960,,Added - optional/variant,Follow service manual,https://www.agilent.com/store/en_US/Prod-5067-5960/5067-5960,Select ID/length by column and flow-path configuration.
Multicolumn Thermostat (G7116B),Fittings/capillaries,Quick Connect assembly ST 0.17 x 105 mm,5067-6166,,Added - optional/variant,Follow service manual,https://www.agilent.com/store/en_US/Prod-5067-6166/5067-6166,Select ID/length by column and flow-path configuration.
Multicolumn Thermostat (G7116B),Fittings/capillaries,Quick Connect assembly ST 0.17 x 150 mm,5067-6167,,Added - optional/variant,Follow service manual,https://www.agilent.com/store/en_US/Prod-5067-6167/5067-6167,Select ID/length by column and flow-path configuration.
Multicolumn Thermostat (G7116B),Fittings/capillaries,Quick Connect assembly ST 0.17 x 220 mm,5067-6168,,Added - optional/variant,Follow service manual,https://www.agilent.com/store/en_US/Prod-5067-6168/5067-6168,Select ID/length by column and flow-path configuration.
Multicolumn Thermostat (G7116B),Fittings/capillaries,Quick Connect assembly ST 0.17 x 280 mm,5067-6169,,Added - optional/variant,Follow service manual,https://www.agilent.com/store/en_US/Prod-5067-6169/5067-6169,Select ID/length by column and flow-path configuration.
Multicolumn Thermostat (G7116B),Fittings/capillaries,Quick Connect capillary ST 0.075 x 105 mm,5500-1174,,Added - optional/variant,Follow service manual,https://www.agilent.com/store/en_US/Prod-5500-1174/5500-1174,Replacement capillary; select ID/length by flow-path configuration.
Multicolumn Thermostat (G7116B),Fittings/capillaries,Quick Connect capillary ST 0.075 x 150 mm,5500-1175,,Added - optional/variant,Follow service manual,https://www.agilent.com/store/en_US/Prod-5500-1175/5500-1175,Replacement capillary; select ID/length by flow-path configuration.
Multicolumn Thermostat (G7116B),Fittings/capillaries,Quick Connect capillary ST 0.075 x 220 mm,5500-1176,,Added - optional/variant,Follow service manual,https://www.agilent.com/store/en_US/Prod-5500-1176/5500-1176,Replacement capillary; select ID/length by flow-path configuration.
Multicolumn Thermostat (G7116B),Fittings/capillaries,Quick Connect capillary ST 0.075 x 280 mm,5500-1177,,Added - optional/variant,Follow service manual,https://www.agilent.com/store/en_US/Prod-5500-1177/5500-1177,Replacement capillary; select ID/length by flow-path configuration.
Multicolumn Thermostat (G7116B),Fittings/capillaries,Quick Connect capillary ST 0.075 x 340 mm,5500-1178,,Added - optional/variant,Follow service manual,https://www.agilent.com/store/en_US/Prod-5500-1178/5500-1178,Replacement capillary; select ID/length by flow-path configuration.
Multicolumn Thermostat (G7116B),Fittings/capillaries,Quick Connect capillary ST 0.12 x 105 mm,5500-1173,,Added - optional/variant,Follow service manual,https://www.agilent.com/store/en_US/Prod-5500-1173/5500-1173,Replacement capillary; select ID/length by flow-path configuration.
Multicolumn Thermostat (G7116B),Fittings/capillaries,Quick Connect capillary ST 0.12 x 150 mm,5500-1172,,Added - optional/variant,Follow service manual,https://www.agilent.com/store/en_US/Prod-5500-1172/5500-1172,Replacement capillary; select ID/length by flow-path configuration.
Multicolumn Thermostat (G7116B),Fittings/capillaries,Quick Connect capillary ST 0.12 x 220 mm,5500-1171,,Added - optional/variant,Follow service manual,https://www.agilent.com/store/en_US/Prod-5500-1171/5500-1171,Replacement capillary; select ID/length by flow-path configuration.
Multicolumn Thermostat (G7116B),Fittings/capillaries,Quick Connect capillary ST 0.12 x 280 mm,5500-1170,,Added - optional/variant,Follow service manual,https://www.agilent.com/store/en_US/Prod-5500-1170/5500-1170,Replacement capillary; select ID/length by flow-path configuration.
Multicolumn Thermostat (G7116B),Fittings/capillaries,Quick Connect capillary ST 0.12 x 340 mm,5500-1179,,Added - optional/variant,Follow service manual,https://www.agilent.com/store/en_US/Prod-5500-1179/5500-1179,Replacement capillary; select ID/length by flow-path configuration.
Multicolumn Thermostat (G7116B),Fittings/capillaries,Quick Connect capillary ST 0.12 x 400 mm,5500-1180,,Added - optional/variant,Follow service manual,https://www.agilent.com/store/en_US/Prod-5500-1180/5500-1180,Replacement capillary; select ID/length by flow-path configuration.
Multicolumn Thermostat (G7116B),Fittings/capillaries,Quick Connect capillary ST 0.17 x 105 mm,5500-1181,,Added - optional/variant,Follow service manual,https://www.agilent.com/store/en_US/Prod-5500-1181/5500-1181,Replacement capillary; select ID/length by flow-path configuration.
Multicolumn Thermostat (G7116B),Fittings/capillaries,Quick Connect capillary ST 0.17 x 150 mm,5500-1182,,Added - optional/variant,Follow service manual,https://www.agilent.com/store/en_US/Prod-5500-1182/5500-1182,Replacement capillary; select ID/length by flow-path configuration.
Multicolumn Thermostat (G7116B),Fittings/capillaries,Quick Connect capillary ST 0.17 x 220 mm,5500-1183,,Added - optional/variant,Follow service manual,https://www.agilent.com/store/en_US/Prod-5500-1183/5500-1183,Replacement capillary; select ID/length by flow-path configuration.
Multicolumn Thermostat (G7116B),Fittings/capillaries,Quick Connect capillary ST 0.17 x 280 mm,5500-1230,,Added - optional/variant,Follow service manual,https://www.agilent.com/store/en_US/Prod-5500-1230/5500-1230,Replacement capillary; select ID/length by flow-path configuration.
Multicolumn Thermostat (G7116B),Fittings/capillaries,Quick Connect capillary ST 0.17 x 340 mm,5500-1231,,Added - optional/variant,Follow service manual,https://www.agilent.com/store/en_US/Prod-5500-1231/5500-1231,Replacement capillary; select ID/length by flow-path configuration.
Multicolumn Thermostat (G7116B),Fittings/capillaries,Quick Connect capillary ST 0.25 x 340 mm,5500-1259,,Added - optional/variant,Follow service manual,https://www.agilent.com/store/en_US/Prod-5500-1259/5500-1259,Replacement capillary; select ID/length by flow-path configuration.
Multicolumn Thermostat (G7116B),Fittings/capillaries,Quick Connect capillary ST 0.25 x 500 mm,5500-1260,,Added - optional/variant,Follow service manual,https://www.agilent.com/store/en_US/Prod-5500-1260/5500-1260,Replacement capillary; select ID/length by flow-path configuration.
Multicolumn Thermostat (G7116B),Fittings/capillaries,Quick Turn capillary ST 0.075 x 130 mm,5500-1198,,Added - optional/variant,Follow service manual,https://www.agilent.com/store/en_US/Prod-5500-1198/5500-1198,Replacement capillary; select ID/length by flow-path configuration.
Multicolumn Thermostat (G7116B),Fittings/capillaries,Quick Turn capillary ST 0.075 x 200 mm,5500-1232,,Added - optional/variant,Follow service manual,https://www.agilent.com/store/en_US/Prod-5500-1232/5500-1232,Replacement capillary; select ID/length by flow-path configuration.
Multicolumn Thermostat (G7116B),Fittings/capillaries,Quick Turn capillary ST 0.075 x 280 mm,5500-1206,,Added - optional/variant,Follow service manual,https://www.agilent.com/store/en_US/Prod-5500-1206/5500-1206,Replacement capillary; select ID/length by flow-path configuration.
Multicolumn Thermostat (G7116B),Fittings/capillaries,Quick Turn capillary ST 0.075 x 340 mm,5500-1205,,Added - optional/variant,Follow service manual,https://www.agilent.com/store/en_US/Prod-5500-1205/5500-1205,Replacement capillary; select ID/length by flow-path configuration.
Multicolumn Thermostat (G7116B),Fittings/capillaries,Quick Turn capillary ST 0.12 x 130 mm,5500-1188,,Added - optional/variant,Follow service manual,https://www.agilent.com/store/en_US/Prod-5500-1188/5500-1188,Replacement capillary; select ID/length by flow-path configuration.
Multicolumn Thermostat (G7116B),Fittings/capillaries,Quick Turn capillary ST 0.12 x 200 mm,5500-1189,,Added - optional/variant,Follow service manual,https://www.agilent.com/store/en_US/Prod-5500-1189/5500-1189,Replacement capillary; select ID/length by flow-path configuration.
Multicolumn Thermostat (G7116B),Fittings/capillaries,Quick Turn capillary ST 0.12 x 220 mm,5500-1233,,Added - optional/variant,Follow service manual,https://www.agilent.com/store/en_US/Prod-5500-1233/5500-1233,Replacement capillary; select ID/length by flow-path configuration.
Multicolumn Thermostat (G7116B),Fittings/capillaries,Quick Turn capillary ST 0.12 x 250 mm,5500-1190,,Added - optional/variant,Follow service manual,https://www.agilent.com/store/en_US/Prod-5500-1190/5500-1190,Replacement capillary; select ID/length by flow-path configuration.
Multicolumn Thermostat (G7116B),Fittings/capillaries,Quick Turn capillary ST 0.12 x 340 mm,5500-1192,,Added - optional/variant,Follow service manual,https://www.agilent.com/store/en_US/Prod-5500-1192/5500-1192,Replacement capillary; select ID/length by flow-path configuration.
Multicolumn Thermostat (G7116B),Fittings/capillaries,Quick Turn capillary ST 0.17 x 130 mm,5500-1193,,Added - optional/variant,Follow service manual,https://www.agilent.com/store/en_US/Prod-5500-1193/5500-1193,Replacement capillary; select ID/length by flow-path configuration.
Multicolumn Thermostat (G7116B),Fittings/capillaries,Quick Turn capillary ST 0.17 x 200 mm,5500-1194,,Added - optional/variant,Follow service manual,https://www.agilent.com/store/en_US/Prod-5500-1194/5500-1194,Replacement capillary; select ID/length by flow-path configuration.
Multicolumn Thermostat (G7116B),Fittings/capillaries,Quick Turn capillary ST 0.17 x 220 mm,5500-1234,,Added - optional/variant,Follow service manual,https://www.agilent.com/store/en_US/Prod-5500-1234/5500-1234,Replacement capillary; select ID/length by flow-path configuration.
Multicolumn Thermostat (G7116B),Fittings/capillaries,Quick Turn capillary ST 0.17 x 250 mm,5500-1195,,Added - optional/variant,Follow service manual,https://www.agilent.com/store/en_US/Prod-5500-1195/5500-1195,Replacement capillary; select ID/length by flow-path configuration.
Multicolumn Thermostat (G7116B),Fittings/capillaries,Quick Turn capillary ST 0.17 x 280 mm,5500-1196,,Added - optional/variant,Follow service manual,https://www.agilent.com/store/en_US/Prod-5500-1196/5500-1196,Replacement capillary; select ID/length by flow-path configuration.
Multicolumn Thermostat (G7116B),Fittings/capillaries,Quick Turn capillary ST 0.17 x 340 mm,5500-1235,,Added - optional/variant,Follow service manual,https://www.agilent.com/store/en_US/Prod-5500-1235/5500-1235,Replacement capillary; select ID/length by flow-path configuration.
Multicolumn Thermostat (G7116B),Fittings/capillaries,Quick Turn capillary ST 0.17 x 400 mm,5500-1236,,Added - optional/variant,Follow service manual,https://www.agilent.com/store/en_US/Prod-5500-1236/5500-1236,Replacement capillary; select ID/length by flow-path configuration.
Multicolumn Thermostat (G7116B),Fittings/capillaries,Quick Turn capillary ST 0.17 x 500 mm,5500-1197,,Added - optional/variant,Follow service manual,https://www.agilent.com/store/en_US/Prod-5500-1197/5500-1197,Replacement capillary; select ID/length by flow-path configuration.
Multicolumn Thermostat (G7116B),Fittings/capillaries,Quick Turn capillary ST 0.17 x 600 mm,5500-1237,,Added - optional/variant,Follow service manual,https://www.agilent.com/store/en_US/Prod-5500-1237/5500-1237,Replacement capillary; select ID/length by flow-path configuration.
Multicolumn Thermostat (G7116B),Fittings/capillaries,Quick Turn capillary ST 0.25 x 500 mm,5500-1262,,Added - optional/variant,Follow service manual,https://www.agilent.com/store/en_US/Prod-5500-1262/5500-1262,Replacement capillary; select ID/length by flow-path configuration.
Multicolumn Thermostat (G7116B),Fittings/capillaries,Quick Turn capillary ST 0.25 x 700 mm,5500-1263,,Added - optional/variant,Follow service manual,https://www.agilent.com/store/en_US/Prod-5500-1263/5500-1263,Replacement capillary; select ID/length by flow-path configuration.
Multicolumn Thermostat (G7116B),Fittings/capillaries,Quick Turn capillary ST 0.25 x 1050 mm,5500-1200,,Added - optional/variant,Follow service manual,https://www.agilent.com/store/en_US/Prod-5500-1200/5500-1200,Replacement capillary; select ID/length by flow-path configuration.
Multicolumn Thermostat (G7116B),Fittings/capillaries,Quick Turn capillary ST 0.25 x 200 mm,5500-1288,,Added - optional/variant,Follow service manual,https://www.agilent.com/store/en_US/Prod-5500-1288/5500-1288,Replacement capillary; select ID/length by flow-path configuration.
Multicolumn Thermostat (G7116B),Fittings/capillaries,Quick Turn capillary ST 0.25 x 340 mm,5500-1290,,Added - optional/variant,Follow service manual,https://www.agilent.com/store/en_US/Prod-5500-1290/5500-1290,Replacement capillary; select ID/length by flow-path configuration.
Multicolumn Thermostat (G7116B),Column ID,Column ID right flex-board,G7116-81001,,Added - optional/variant,N/A,https://www.agilent.com/store/en_US/Prod-G7116-81001/G7116-81001,
Multicolumn Thermostat (G7116B),Column ID,Column ID left flex-board,G7116-81002,,Added - optional/variant,N/A,https://www.agilent.com/store/en_US/Prod-G7116-81002/G7116-81002,
Multicolumn Thermostat (G7116B),Column ID,"Column ID Kit, left",5067-5915,,Added - optional/variant,N/A,https://www.agilent.com/store/en_US/Prod-5067-5915/5067-5915,
Multicolumn Thermostat (G7116B),Column ID,"Column ID Kit, right",5067-5916,,Added - optional/variant,N/A,https://www.agilent.com/store/en_US/Prod-5067-5916/5067-5916,
Multicolumn Thermostat (G7116B),Column ID,Column ID upgrade kit for G7116B,G4750B,,Added - optional/variant,N/A,https://www.agilent.com/store/en_US/Prod-G4750B/G4750B,
Diode Array Detector (G7117B),Flow cell/lamp,"Max-Light Cartridge Cell, 10 mm, V(sigma) 1.0 uL",G4212-60008,G7115-60008,Corrected from original,Follow flow-cell installation instructions,https://www.agilent.com/store/en_US/Prod-G4212-60008/G4212-60008,Correct flow cell for G7117B DAD parts list.
Diode Array Detector (G7117B),Flow cell/lamp,"Max-Light Cartridge Cell, 60 mm, V(sigma) 4.0 uL",G4212-60007,,Added - optional/variant,Follow flow-cell installation instructions,https://www.agilent.com/store/en_US/Prod-G4212-60007/G4212-60007,
Diode Array Detector (G7117B),Flow cell/lamp,"Max-Light Cartridge Cell LSS, 10 mm",G7117-60020,,Added - optional/variant,Follow flow-cell installation instructions,https://www.agilent.com/store/en_US/Prod-G7117-60020/G7117-60020,
Diode Array Detector (G7117B),Flow cell/lamp,Max-Light Cartridge Test Cell,G4212-60011,,Added - optional/variant,Follow flow-cell installation instructions,https://www.agilent.com/store/en_US/Prod-G4212-60011/G4212-60011,
Diode Array Detector (G7117B),Flow cell/lamp,"HDR Max-Light Cartridge Cell, 3.7 mm",G4212-60032,,Added - optional/variant,Follow flow-cell installation instructions,https://www.agilent.com/store/en_US/Prod-G4212-60032/G4212-60032,
Diode Array Detector (G7117B),Flow cell/lamp,"ULD Max-Light Cartridge Cell, 10 mm",G4212-60038,,Added - optional/variant,Follow flow-cell installation instructions,https://www.agilent.com/store/en_US/Prod-G4212-60038/G4212-60038,
Diode Array Detector (G7117B),Flow cell/lamp,"Long-life Deuterium lamp, 8-pin, RFID",5190-0917,2140-0820,Corrected from original,Follow lamp replacement instructions,https://www.agilent.com/store/en_US/Prod-5190-0917/5190-0917,Correct long-life lamp listed in G7117B DAD parts page.
Diode Array Detector (G7117B),Leak/waste parts,Leak adapter,5043-0856,,Added - baseline/standard,N/A,https://www.agilent.com/store/en_US/Prod-5043-0856/5043-0856,
Diode Array Detector (G7117B),Leak/waste parts,"Waste accessory kit, flow cell to waste",5062-8535,5062-2462,Corrected from original,N/A,https://www.agilent.com/store/en_US/Prod-5062-8535/5062-8535,Correct DAD waste tubing/accessory kit row.
Diode Array Detector (G7117B),Leak/waste parts,"Tubing silicone rubber, 1.2 m",5063-6527,,Added - baseline/standard,N/A,https://www.agilent.com/store/en_US/Prod-5063-6527/5063-6527,
Diode Array Detector (G7117B),Leak/waste parts,Tubing clip,5043-1013,,Added - baseline/standard,N/A,https://www.agilent.com/store/en_US/Prod-5043-1013/5043-1013,
Diode Array Detector (G7117B),Doors/accessory kit,"Door 140 mm right, Infinity III",5360-0015,,Added - baseline/standard,N/A,https://www.agilent.com/store/en_US/Prod-5360-0015/5360-0015,Orderable as part of 5004-3140.
Diode Array Detector (G7117B),Doors/accessory kit,"Door 140 mm left, Infinity III",5360-0016,,Added - baseline/standard,N/A,https://www.agilent.com/store/en_US/Prod-5360-0016/5360-0016,Orderable as part of 5004-3140.
Diode Array Detector (G7117B),Doors/accessory kit,"Door kit, 140 mm, Infinity III",5004-3140,,Added - baseline/standard,N/A,https://www.agilent.com/store/en_US/Prod-5004-3140/5004-3140,Includes right and left 140 mm doors per DAD parts page notes.
Diode Array Detector (G7117B),Doors/accessory kit,Accessory kit for G7117B,G7117-68755,,Added - kit/accessory,N/A,https://www.agilent.com/store/en_US/Prod-G7117-68755/G7117-68755,
Diode Array Detector (G7117B),Doors/accessory kit,"CAN cable, 0.5 m",5181-1516,,Added - baseline/standard,N/A,https://www.agilent.com/store/en_US/Prod-5181-1516/5181-1516,
General / Stack Consumables,Solvent inlet,"Solvent bottle inlet filter, 20 um, glass",5041-2168,5041-2164,Corrected from original,N/A,https://www.agilent.com/store/en_US/Prod-5041-2168/5041-2168,Original 5041-2164 is marked obsolete by Agilent with no direct replacement recommendation; 5041-2168 is current common 20 um glass inlet filter.
General / Stack Consumables,Solvent inlet,Obsolete solvent inlet filter - do not reorder without confirmation,5041-2164,,Obsolete/verify only,N/A,https://www.agilent.com/store/en_US/Prod-5041-2164/5041-2164,Included only to document original-list issue.
General / Stack Consumables,Inline filters,"Inline filter frit for 1290 inline filter, 0.3 um, 5/pk",5023-0271,5067-4630 / 0100-1023,Corrected from original,Follow filter instructions,https://www.agilent.com/store/en_US/Prod-5023-0271/5023-0271,Use installed inline filter body and column configuration to confirm frit/frit size.
General / Stack Consumables,Fittings,"Union, stainless steel",0100-0900,,Original - verify installed use,Follow fitting instructions,https://www.agilent.com/store/en_US/Prod-0100-0900/0100-0900,Kept from original list as generic fitting; verify against actual flow path before ordering.
System / Optional,Solvent cabinet / level sensing,InfinityLab Level Sensing Kit,G7175A,,Added - optional/variant,N/A,https://www.agilent.com/store/en_US/Prod-G7175A/G7175A,Agilent system manual lists InfinityLab Level Sensing kit for 1290 Infinity III systems.