Row Type,Model/Name,Part Number,Description,Specs,Application,Price,Product Family,Separation Mode,Particle Size,Inner Diameter (ID),Length,Pore Size,Hardware,Guard Column,Unit,Agilent Page SKU Count,Source URL,Completeness Note,Matching Guard Column Part Number,Matching Guard Column Name,Matching Guard Column Agilent Link,Guard Holder / Hardware Link,Guard Match Status,Guard Matching Notes
Family,HPLC and UHPLC Columns Portfolio,MULTIPLE,"Agilent portfolio covering bio columns, small molecule columns, and GPC/SEC columns.","Includes HPLC/UHPLC, bio, small molecule, GPC/SEC; not GC.",General LC/HPLC/UHPLC column selection.,Varies,Portfolio,,,,,,,,,>3500 via reseller; many hundreds visible on Agilent pages,https://www.agilent.com/en/product/hplc-columns,"Index row, not an individual SKU.",,,,,Family/index row,"Not an individual SKU; select a guard from the matching family, phase, particle, pore size, ID, and hardware."
Family,Small Molecule HPLC Columns,MULTIPLE,"Small molecule portfolio includes InfinityLab Poroshell 120, ZORBAX, Polaris, and Pursuit columns.",Multiple phases and modes.,Small molecule separations and method development.,Varies,Small Molecule HPLC Columns,Multiple,,,,,,,,Multiple,https://www.agilent.com/en/product/small-molecule-columns,"Index row, not an individual SKU.",,,,,Family/index row,"Not an individual SKU; select a guard from the matching family, phase, particle, pore size, ID, and hardware."
Family,InfinityLab and Altura Poroshell 120 HPLC Columns,MULTIPLE,Superficially porous columns for reversed-phase LC with many chemistries.,"20 chemistries; 1.9, 2.7, and 4 um options.","Routine reversed phase, high-pH basic analytes, low-pH acidic compounds, polar analytes, chiral separations, and PFAS.",Varies,InfinityLab Poroshell 120,Reversed Phase / HILIC / Chiral / PFAS,1.9 um; 2.7 um; 4 um,,,120 A,,,,Multiple,https://www.agilent.com/en/product/small-molecule-columns/reversed-phase-hplc-columns/infinitylab-poroshell-120,Family row based on public category page.,,,,,Family/index row,"Not an individual SKU; select a guard from the matching family, phase, particle, pore size, ID, and hardware."
Family,ZORBAX Reversed-Phase HPLC Columns,MULTIPLE,"Fully porous ZORBAX silica columns, including Eclipse Plus, Eclipse XDB, StableBond, Bonus-RP, Extend-C18, Rx, PAH, and preparative options.","Traditional fully porous particles; 1.8, 3.5, 5, and selected 7 um.","General reversed-phase method development, high loading capacity, scalable analytical-to-prep LC.",Varies,ZORBAX,Reversed Phase,1.8 um; 3.5 um; 5 um; 7 um,,,,,,,980,https://www.agilent.com/en/product/small-molecule-columns/reversed-phase-hplc-columns/zorbax,Agilent page reports 980 results; this CSV includes representative first-page rows only.,,,,,Family/index row,"Not an individual SKU; select a guard from the matching family, phase, particle, pore size, ID, and hardware."
Family,Polaris HILIC HPLC Columns,MULTIPLE,Polaris HILIC columns for polar phase chemistries such as NH2 and Si.,Meets USP L3 and L8; NH2 and Si chemistries.,"Sugars, carbohydrates, and polar compounds in HILIC mode.",Varies,Polaris,HILIC,3 um,,,180 A,,,,31,https://www.agilent.com/en/product/small-molecule-columns/hilic-columns/polaris-hilic,Agilent page reports 31 results; representative first-page rows included.,,,,,Family/index row,"Not an individual SKU; select a guard from the matching family, phase, particle, pore size, ID, and hardware."
Family,Polaris Columns for NP/SFC,MULTIPLE,Polaris polar chemistries for normal phase and SFC.,"Meets USP L3, L8, and L10.",Polar samples in normal phase and SFC modes.,Varies,Polaris,Normal Phase / SFC,3 um,,,180 A,,,,26,https://www.agilent.com/en/product/small-molecule-columns/normal-phase-sfc-columns/polaris-for-np-sfc,Agilent page reports 26 results; representative rows overlap with Polaris NH2.,,,,,Family/index row,"Not an individual SKU; select a guard from the matching family, phase, particle, pore size, ID, and hardware."
Family,Reversed Phase Preparative HPLC Columns,MULTIPLE,Preparative LC columns for scale-up of reversed-phase chromatography.,"C18, C8, phenyl, Prep-C18; 21.2, 30, and 50 mm ID families.","Purification campaigns; yield, purity, throughput.",Varies,Prep / Pursuit / ZORBAX / Poroshell,Preparative Reversed Phase,5 um; 10 um,4.6-50 mm,50-250 mm,100-200 A,,,1 Each,19,https://www.agilent.com/en/product/small-molecule-columns/preparative-hplc-columns/reversed-phase-prep,Agilent page reports 19 results; first-page examples included.,,,,,Family/index row,"Not an individual SKU; select a guard from the matching family, phase, particle, pore size, ID, and hardware."
Family,Altura Ultra Inert HPLC Columns,MULTIPLE,Ultra Inert coated HPLC columns to reduce interactions with active metal sites.,"Initial release includes reversed-phase and HILIC stationary phases; 1.8, 1.9, and 2.7 um.","Metal-sensitive analytes, peptides, oligonucleotides, polar metabolites, LC/MS workflows.",Varies,Altura,Reversed Phase / HILIC / PFAS,1.8 um; 1.9 um; 2.7 um,2.1 mm; 4.6 mm,30-250 mm,95-120 A,Ultra Inert SS,,1 Each,26,https://www.agilent.com/en/product/biopharma-hplc-analysis/ultra-inert-hplc-columns/altura-ultra-inert-hplc-columns,Agilent page reports 26 results; representative first-page rows included.,,,,,Family/index row,"Not an individual SKU; select a guard from the matching family, phase, particle, pore size, ID, and hardware."
Family,AdvanceBio SEC HPLC Bio Columns,MULTIPLE,"Size-exclusion columns for aggregate and fragment analysis of peptides, proteins, mAbs, AAVs, VLPs, and large oligonucleotides.","1.9 and 2.7 um; 120, 130, 300, 500, and 1000 A variants.",Aggregate and fragment analysis of biomolecules.,Varies,AdvanceBio SEC,Size Exclusion (SEC),1.9 um; 2.7 um,,,120-1000 A,,,1 Each,32,https://www.agilent.com/en/product/biopharma-hplc-analysis/aggregate-fragment-analysis/advancebio-sec,Agilent page reports 32 results; first-page rows included.,,,,,Family/index row,"Not an individual SKU; select a guard from the matching family, phase, particle, pore size, ID, and hardware."
Family,AdvanceBio Amide HILIC and Glycan Mapping Columns,MULTIPLE,HILIC columns for high-resolution glycan separations optimized for fluorescence and MS detection.,1.8 and 2.7 um; 120 and 300 A.,Glycan mapping / N-glycan analysis.,Varies,AdvanceBio Glycan Mapping / Amide HILIC,HILIC,1.8 um; 2.7 um,2.1 mm; 4.6 mm,5-250 mm,120 A; 300 A,,,1 Each or 3 Pack,14,https://www.agilent.com/en/product/biopharma-hplc-analysis/glycan-analysis/glycan-analysis-columns/advancebio-glycan-mapping,Agilent page reports 14 results; first-page rows included.,,,,,Family/index row,"Not an individual SKU; select a guard from the matching family, phase, particle, pore size, ID, and hardware."
Family,AdvanceBio Peptide Plus Reversed-Phase Columns,MULTIPLE,"Superficially porous charged-surface C18 columns optimized for peptides, impurities, and post-translational modifications.",2.7 um; 100 A.,Peptide mapping and LC/MS peptide separations.,Varies,AdvanceBio Peptide Plus,Reversed Phase,2.7 um,2.1-4.6 mm,5-250 mm,100 A,SS or Ultra Inert SS,,1 Each or 3 Pack,16,https://www.agilent.com/en/product/biopharma-hplc-analysis/peptide-mapping/advancebio-peptide-plus,Agilent page reports 16 results; first-page rows included.,,,,,Family/index row,"Not an individual SKU; select a guard from the matching family, phase, particle, pore size, ID, and hardware."
Family,PL-SAX Anion-Exchange HPLC Columns for Biomolecules,MULTIPLE,Strong anion-exchange polymeric columns and media for biomolecules.,Fully porous PS/DVB; 1000 and 4000 A; stable pH 1-14.,"Oligonucleotides, proteins, acidic proteins, peptides; analytical to preparative purification.",Varies,PL-SAX,Anion Exchange (SAX),5 um; 8 um; 10 um; 30 um,,,1000 A; 4000 A,SS or bulk media,,1 Each,51,https://www.agilent.com/en/product/biopharma-hplc-analysis/charge-variant-analysis/pl-sax-for-biomolecules,Agilent page reports 51 results; first-page rows included.,,,,,Family/index row,"Not an individual SKU; select a guard from the matching family, phase, particle, pore size, ID, and hardware."
Family,PLRP-S for Biomolecules HPLC Columns,MULTIPLE,Polymeric reversed-phase PS/DVB columns and bulk media.,Particle sizes 3-50 um; pore sizes 100-4000 A; pH 1-14.,"Small molecules, peptides, proteins, oligonucleotides, macromolecules; analytical and prep.",Varies,PLRP-S,Reversed Phase,3-50 um,,,100-4000 A,,,1 Each,142,https://www.agilent.com/en/product/biopharma-hplc-analysis/intact-subunit-analysis/plrp-s-for-biomolecules,Agilent page reports 142 results; first-page rows included.,,,,,Family/index row,"Not an individual SKU; select a guard from the matching family, phase, particle, pore size, ID, and hardware."
Family,Bio SEC-5 HPLC Bio Columns,MULTIPLE,5 um silica SEC columns with hydrophilic coating for peptide/protein/large biotherapeutic analysis.,"100, 150, 300, 500, 1000, and 2000 A pore sizes.",Aggregate/fragment analysis and preparative SEC for biological samples.,Varies,Bio SEC-5,Size Exclusion (SEC),5 um,,,100-2000 A,,,1 Each,48,https://www.agilent.com/en/product/biopharma-hplc-analysis/aggregate-fragment-analysis/agilent-bio-sec-5,Agilent page reports 48 results; representative first-page rows included.,,,,,Family/index row,"Not an individual SKU; select a guard from the matching family, phase, particle, pore size, ID, and hardware."
Family,PL aquagel-OH GPC/SEC Columns,MULTIPLE,Aqueous GPC/SEC columns for water-soluble polymers and larger molecules.,8 um; pH 2-10; up to 90 C; supports aqueous eluents and up to 50% methanol.,"Synthetic polymers, starches, polysaccharides, PEG, dextran, acrylamide, water-soluble polymers.",Varies,PL aquagel-OH,Aqueous GPC/SEC,8 um,7.5 or 25 mm,300 mm,,,,1 Each,24,https://www.agilent.com/en/product/gpc-sec-columns-standards/aqueous-gpc-sec-columns/pl-aquagel-oh,Agilent page reports 24 results; representative rows included.,,,,,Family/index row,"Not an individual SKU; select a guard from the matching family, phase, particle, pore size, ID, and hardware."
Family,PLgel Olexis GPC Columns,MULTIPLE,High-temperature organic GPC/SEC columns optimized for very high molecular weight polymers.,13 um; 7.5 mm ID; 300 mm analytical and 50 mm guard; up to 220 C.,"Polyolefins, polyethylene, polypropylene, high-performance polymers.",Varies,PLgel Olexis,Organic GPC/SEC,13 um,7.5 mm,50 or 300 mm,,,Yes/No,1 Each,2,https://www.agilent.com/en/product/gpc-sec-columns-standards/organic-gpc-sec-columns/plgel-olexis,Agilent page reports 2 results; all visible rows included.,,,,,Family/index row,"Not an individual SKU; select a guard from the matching family, phase, particle, pore size, ID, and hardware."
Family,PolarGel Columns,MULTIPLE,Organic GPC/SEC columns for polar polymers in polar organic solvents.,8 um PL PolarGel-M family; 7.5 mm ID.,"Polar polymers in DMF, DMSO, NMP, DMAc, and water/organic mixtures.",Varies,PolarGel,Organic GPC/SEC,8 um,7.5 mm,,,,,1 Each,7,https://www.agilent.com/en/product/gpc-sec-columns-standards/organic-gpc-sec-columns/polargel,"Agilent page reports 7 results, but public snippet did not expose individual rows/prices.",,,,,Family/index row,"Not an individual SKU; select a guard from the matching family, phase, particle, pore size, ID, and hardware."
Family,PL Rapide Aqua SEC Columns,MULTIPLE,Wide-diameter aqueous SEC columns for high speed/resolution on older systems.,8 um; 10 x 100 mm examples.,Aqueous SEC of macromolecules on older systems with high dead volumes.,Varies,PL Rapide Aqua,Aqueous GPC/SEC,8 um,10 mm,100 mm,,,,1 Each,4,https://www.agilent.com/en/product/gpc-sec-columns-standards/aqueous-gpc-sec-columns/pl-rapide-aqua,Agilent page reports 4 results; only first visible row included.,,,,,Family/index row,"Not an individual SKU; select a guard from the matching family, phase, particle, pore size, ID, and hardware."
SKU,Altura Poroshell 120 PFAS HPLC Column,227215-007,PFAS column for reliable retention and peak shape for ultra-short to long-chain PFAS.,2.1 mm x 150 mm; 2.7 um,"PFAS analysis in environmental/drinking water, LC/MS workflows.","1,705.00 USD",InfinityLab / Altura Poroshell 120,Reversed Phase / PFAS,2.7 um,2.1 mm,150 mm,120 A,,No,1 Each,Multiple,https://www.agilent.com/en/product/small-molecule-columns/reversed-phase-hplc-columns/infinitylab-poroshell-120,Public product-list snippet row.,821725-955,"InfinityLab Poroshell 120 Aq-C18 UHPLC Guard, 2.1 mm, 2.7 um, 3/pk",https://www.agilent.com/store/en_US/Prod-821725-955/821725-955,,Phase-family match; verify PFAS method,Agilent publishes Aq-C18 UHPLC guards that can be used for PFAS analysis; the PFAS delay column is not a guard column.
SKU,Altura Poroshell 120 PFAS HPLC Column,227205-007,PFAS column for reliable retention and peak shape for ultra-short to long-chain PFAS.,2.1 mm x 50 mm; 2.7 um,"PFAS analysis in environmental/drinking water, LC/MS workflows.","1,236.00 USD",InfinityLab / Altura Poroshell 120,Reversed Phase / PFAS,2.7 um,2.1 mm,50 mm,120 A,,No,1 Each,Multiple,https://www.agilent.com/en/product/small-molecule-columns/reversed-phase-hplc-columns/infinitylab-poroshell-120,Public product-list snippet row.,821725-955,"InfinityLab Poroshell 120 Aq-C18 UHPLC Guard, 2.1 mm, 2.7 um, 3/pk",https://www.agilent.com/store/en_US/Prod-821725-955/821725-955,,Phase-family match; verify PFAS method,Agilent publishes Aq-C18 UHPLC guards that can be used for PFAS analysis; the PFAS delay column is not a guard column.
SKU,"InfinityLab Poroshell 120 Aq-C18 UHPLC Guard, 3/pk",821725-955,Guard column for Aq-C18 analytical columns; can be used for PFAS analysis.,2.1 mm x 5 mm; 2.7 um,Guard/protection for Aq-C18 methods.,852.00 USD,InfinityLab / Altura Poroshell 120,Reversed Phase,2.7 um,2.1 mm,5 mm,120 A,,Yes,3 Pack,Multiple,https://www.agilent.com/en/product/small-molecule-columns/reversed-phase-hplc-columns/infinitylab-poroshell-120,Public product-list snippet row.,821725-955,"InfinityLab Poroshell 120 Aq-C18 UHPLC Guard, 3/pk",https://www.agilent.com/store/en_US/Prod-821725-955/821725-955,,This row is a guard,This SKU is already a guard column/cartridge; link points to itself.
SKU,InfinityLab Poroshell 120 Aq-C18 HPLC Column,695775-742,Aq-C18 column stable in 100% aqueous phases; retains polar and nonpolar compounds.,2.1 mm x 100 mm; 2.7 um,"Complex mixtures, polar/nonpolar compounds, PFAS-capable.","1,096.00 USD",InfinityLab / Altura Poroshell 120,Reversed Phase,2.7 um,2.1 mm,100 mm,120 A,,No,1 Each,Multiple,https://www.agilent.com/en/product/small-molecule-columns/reversed-phase-hplc-columns/infinitylab-poroshell-120,Public product-list snippet row.,821725-955,"InfinityLab Poroshell 120 Aq-C18 UHPLC Guard, 2.1 mm, 2.7 um, 3/pk",https://www.agilent.com/store/en_US/Prod-821725-955/821725-955,,Matched,
SKU,InfinityLab Poroshell 120 Aq-C18 HPLC Column,693775-742,Aq-C18 column stable in 100% aqueous phases; retains polar and nonpolar compounds.,2.1 mm x 150 mm; 2.7 um,"Complex mixtures, polar/nonpolar compounds.","1,233.00 USD",InfinityLab / Altura Poroshell 120,Reversed Phase,2.7 um,2.1 mm,150 mm,120 A,,No,1 Each,Multiple,https://www.agilent.com/en/product/small-molecule-columns/reversed-phase-hplc-columns/infinitylab-poroshell-120,Public product-list snippet row.,821725-955,"InfinityLab Poroshell 120 Aq-C18 UHPLC Guard, 2.1 mm, 2.7 um, 3/pk",https://www.agilent.com/store/en_US/Prod-821725-955/821725-955,,Matched,
SKU,InfinityLab Poroshell 120 Aq-C18 HPLC Column,691775-742,Aq-C18 short analytical column.,2.1 mm x 30 mm; 2.7 um,Fast reversed-phase separations of polar/nonpolar compounds.,680.00 USD,InfinityLab / Altura Poroshell 120,Reversed Phase,2.7 um,2.1 mm,30 mm,120 A,,No,1 Each,Multiple,https://www.agilent.com/en/product/small-molecule-columns/reversed-phase-hplc-columns/infinitylab-poroshell-120,Public product-list snippet row.,821725-955,"InfinityLab Poroshell 120 Aq-C18 UHPLC Guard, 2.1 mm, 2.7 um, 3/pk",https://www.agilent.com/store/en_US/Prod-821725-955/821725-955,,Matched,
SKU,InfinityLab Poroshell 120 Aq-C18 HPLC Column,699775-742,Aq-C18 analytical column.,2.1 mm x 50 mm; 2.7 um,Polar/nonpolar reversed-phase separations.,931.00 USD,InfinityLab / Altura Poroshell 120,Reversed Phase,2.7 um,2.1 mm,50 mm,120 A,,No,1 Each,Multiple,https://www.agilent.com/en/product/small-molecule-columns/reversed-phase-hplc-columns/infinitylab-poroshell-120,Public product-list snippet row.,821725-955,"InfinityLab Poroshell 120 Aq-C18 UHPLC Guard, 2.1 mm, 2.7 um, 3/pk",https://www.agilent.com/store/en_US/Prod-821725-955/821725-955,,Matched,
SKU,"InfinityLab Poroshell 120 Aq-C18 UHPLC Guard, 3/pk",823750-953,Guard column for 3.0 mm Aq-C18 analytical columns.,3.0 mm x 5 mm; 2.7 um,Guard/protection.,852.00 USD,InfinityLab / Altura Poroshell 120,Reversed Phase,2.7 um,3.0 mm,5 mm,120 A,,Yes,3 Pack,Multiple,https://www.agilent.com/en/product/small-molecule-columns/reversed-phase-hplc-columns/infinitylab-poroshell-120,Public product-list snippet row.,823750-953,"InfinityLab Poroshell 120 Aq-C18 UHPLC Guard, 3/pk",https://www.agilent.com/store/en_US/Prod-823750-953/823750-953,,This row is a guard,This SKU is already a guard column/cartridge; link points to itself.
SKU,InfinityLab Poroshell 120 Aq-C18 HPLC Column,695675-742,Aq-C18 analytical column.,3.0 mm x 100 mm; 2.7 um,Polar/nonpolar reversed-phase separations.,"1,084.00 USD",InfinityLab / Altura Poroshell 120,Reversed Phase,2.7 um,3.0 mm,100 mm,120 A,,No,1 Each,Multiple,https://www.agilent.com/en/product/small-molecule-columns/reversed-phase-hplc-columns/infinitylab-poroshell-120,Public product-list snippet row.,823750-953,"InfinityLab Poroshell 120 Aq-C18 UHPLC Guard, 3.0 mm, 2.7 um, 3/pk",https://www.agilent.com/store/en_US/Prod-823750-953/823750-953,,Matched,
SKU,InfinityLab Poroshell 120 Aq-C18 HPLC Column,693675-742,Aq-C18 analytical column.,3.0 mm x 150 mm; 2.7 um,Polar/nonpolar reversed-phase separations.,"1,233.00 USD",InfinityLab / Altura Poroshell 120,Reversed Phase,2.7 um,3.0 mm,150 mm,120 A,,No,1 Each,Multiple,https://www.agilent.com/en/product/small-molecule-columns/reversed-phase-hplc-columns/infinitylab-poroshell-120,Public product-list snippet row.,823750-953,"InfinityLab Poroshell 120 Aq-C18 UHPLC Guard, 3.0 mm, 2.7 um, 3/pk",https://www.agilent.com/store/en_US/Prod-823750-953/823750-953,,Matched,
SKU,Agilent ZORBAX StableBond 300 C18,861775-902,Reversed-phase C18 HPLC column with fully porous ZORBAX particles; StableBond technology.,2.1 mm x 100 mm; 3.5 um,"Low-pH reversed-phase work, peptides/proteins/large molecules due 300 A pore.",839.00 USD,ZORBAX,Reversed Phase,3.5 um,2.1 mm,100 mm,300 A,SS,,1 Each,980,https://www.agilent.com/en/product/small-molecule-columns/reversed-phase-hplc-columns/zorbax,Representative first-page row; not complete SKU family.,820950-921,"ZORBAX StableBond 300 C18 guard cartridge, 4.6 x 12.5 mm, 5 um, 4/pk",https://www.agilent.com/store/en_US/Prod-820950-921/820950-921,https://www.agilent.com/store/en_US/Prod-820999-901/820999-901,Needs verification - ID/hardware,"Official Agilent page found for 4.6 mm ZORBAX 300SB-C18 Reliance guard cartridge; starter ZORBAX rows include 2.1 mm analytical and 21.2 mm prep dimensions, so confirm the exact guard format before ordering."
SKU,Agilent ZORBAX StableBond 300 C18,883750-902,Reversed-phase C18 HPLC column with fully porous ZORBAX particles; StableBond technology.,2.1 mm x 150 mm; 5 um,"Low-pH reversed-phase work, peptides/proteins/large molecules due 300 A pore.",839.00 USD,ZORBAX,Reversed Phase,5 um,2.1 mm,150 mm,300 A,SS,,1 Each,980,https://www.agilent.com/en/product/small-molecule-columns/reversed-phase-hplc-columns/zorbax,Representative first-page row; not complete SKU family.,820950-921,"ZORBAX StableBond 300 C18 guard cartridge, 4.6 x 12.5 mm, 5 um, 4/pk",https://www.agilent.com/store/en_US/Prod-820950-921/820950-921,https://www.agilent.com/store/en_US/Prod-820999-901/820999-901,Needs verification - ID/hardware,"Official Agilent page found for 4.6 mm ZORBAX 300SB-C18 Reliance guard cartridge; starter ZORBAX rows include 2.1 mm analytical and 21.2 mm prep dimensions, so confirm the exact guard format before ordering."
SKU,Agilent ZORBAX StableBond 300 C18,881750-902,Reversed-phase C18 HPLC column with fully porous ZORBAX particles; StableBond technology.,2.1 mm x 250 mm; 5 um,"Low-pH reversed-phase work, peptides/proteins/large molecules due 300 A pore.",924.00 USD,ZORBAX,Reversed Phase,5 um,2.1 mm,250 mm,300 A,SS,,1 Each,980,https://www.agilent.com/en/product/small-molecule-columns/reversed-phase-hplc-columns/zorbax,Representative first-page row; not complete SKU family.,820950-921,"ZORBAX StableBond 300 C18 guard cartridge, 4.6 x 12.5 mm, 5 um, 4/pk",https://www.agilent.com/store/en_US/Prod-820950-921/820950-921,https://www.agilent.com/store/en_US/Prod-820999-901/820999-901,Needs verification - ID/hardware,"Official Agilent page found for 4.6 mm ZORBAX 300SB-C18 Reliance guard cartridge; starter ZORBAX rows include 2.1 mm analytical and 21.2 mm prep dimensions, so confirm the exact guard format before ordering."
SKU,InfinityLab ZORBAX Eclipse Plus C18 Preparative HPLC Column,595100-902,Preparative C18 column optimized for pH 2-9 and robust chromatographic separations.,21.2 mm x 100 mm; 5 um,General-purpose preparative reversed-phase purification.,"3,446.00 USD",ZORBAX,Reversed Phase,5 um,21.2 mm,100 mm,,SS,,1 Each,980,https://www.agilent.com/en/product/small-molecule-columns/reversed-phase-hplc-columns/zorbax,Representative first-page row; not complete SKU family.,,,https://www.agilent.com/en/product/small-molecule-columns/reversed-phase-hplc-columns/zorbax,,Needs verification - prep/phase-specific,"No exact ZORBAX guard inferred from the starter row; prep and Eclipse Plus guard selection depends on phase, ID, and PrepHT/Reliance hardware."
SKU,InfinityLab ZORBAX Eclipse Plus C18 Preparative HPLC Column,595150-902,Preparative C18 column optimized for pH 2-9.,21.2 mm x 150 mm; 5 um,General-purpose preparative reversed-phase purification.,"3,976.00 USD",ZORBAX,Reversed Phase,5 um,21.2 mm,150 mm,,SS,,1 Each,980,https://www.agilent.com/en/product/small-molecule-columns/reversed-phase-hplc-columns/zorbax,Representative first-page row; not complete SKU family.,,,https://www.agilent.com/en/product/small-molecule-columns/reversed-phase-hplc-columns/zorbax,,Needs verification - prep/phase-specific,"No exact ZORBAX guard inferred from the starter row; prep and Eclipse Plus guard selection depends on phase, ID, and PrepHT/Reliance hardware."
SKU,InfinityLab ZORBAX Eclipse Plus C18 Preparative HPLC Column,595250-902,Preparative C18 column optimized for pH 2-9.,21.2 mm x 250 mm; 5 um,General-purpose preparative reversed-phase purification.,"4,705.00 USD",ZORBAX,Reversed Phase,5 um,21.2 mm,250 mm,,SS,,1 Each,980,https://www.agilent.com/en/product/small-molecule-columns/reversed-phase-hplc-columns/zorbax,Representative first-page row; not complete SKU family.,,,https://www.agilent.com/en/product/small-molecule-columns/reversed-phase-hplc-columns/zorbax,,Needs verification - prep/phase-specific,"No exact ZORBAX guard inferred from the starter row; prep and Eclipse Plus guard selection depends on phase, ID, and PrepHT/Reliance hardware."
SKU,InfinityLab ZORBAX Eclipse Plus C18 Preparative HPLC Column,595050-902,Preparative C18 column optimized for pH 2-9.,21.2 mm x 50 mm; 5 um,General-purpose preparative reversed-phase purification.,"2,384.00 USD",ZORBAX,Reversed Phase,5 um,21.2 mm,50 mm,,SS,,1 Each,980,https://www.agilent.com/en/product/small-molecule-columns/reversed-phase-hplc-columns/zorbax,Representative first-page row; not complete SKU family.,,,https://www.agilent.com/en/product/small-molecule-columns/reversed-phase-hplc-columns/zorbax,,Needs verification - prep/phase-specific,"No exact ZORBAX guard inferred from the starter row; prep and Eclipse Plus guard selection depends on phase, ID, and PrepHT/Reliance hardware."
SKU,Polaris NH2 180 A HPLC Column,A2014100X030,Ultra-pure silica and silanol shielding; NH2 chemistry for polar samples.,3 mm x 100 mm; 3 um; 180 A,Sugar and carbohydrate analysis; polar compounds in HILIC mode.,951.00 USD,Polaris,HILIC,3 um,3 mm,100 mm,180 A,,No,1 Each,31,https://www.agilent.com/en/product/small-molecule-columns/hilic-columns/polaris-hilic,Representative first-page row; also overlaps NP/SFC Polaris listings.,A2013050G100,"Polaris NH2 Guard Column, 180 A, 5 um, 50 x 10.0 mm",https://www.agilent.com/store/en_US/Prod-A2013050G100/A2013050G100,,Needs verification - format/ID,Official Agilent Polaris NH2 guard found; confirm format for 2.0/3.0/4.6 mm analytical columns before ordering.
SKU,Polaris NH2 180 A HPLC Column,A2014150X020,Ultra-pure silica and silanol shielding; NH2 chemistry for polar samples.,2 mm x 150 mm; 3 um; 180 A,Sugar and carbohydrate analysis; polar compounds in HILIC mode.,968.00 USD,Polaris,HILIC,3 um,2 mm,150 mm,180 A,,No,1 Each,31,https://www.agilent.com/en/product/small-molecule-columns/hilic-columns/polaris-hilic,Representative first-page row; also overlaps NP/SFC Polaris listings.,A2013050G100,"Polaris NH2 Guard Column, 180 A, 5 um, 50 x 10.0 mm",https://www.agilent.com/store/en_US/Prod-A2013050G100/A2013050G100,,Needs verification - format/ID,Official Agilent Polaris NH2 guard found; confirm format for 2.0/3.0/4.6 mm analytical columns before ordering.
SKU,Polaris NH2 180 A HPLC Column,A2014150X030,Ultra-pure silica and silanol shielding; NH2 chemistry for polar samples.,3 mm x 150 mm; 3 um; 180 A,Sugar and carbohydrate analysis; polar compounds in HILIC mode.,987.00 USD,Polaris,HILIC,3 um,3 mm,150 mm,180 A,,No,1 Each,31,https://www.agilent.com/en/product/small-molecule-columns/hilic-columns/polaris-hilic,Representative first-page row; also overlaps NP/SFC Polaris listings.,A2013050G100,"Polaris NH2 Guard Column, 180 A, 5 um, 50 x 10.0 mm",https://www.agilent.com/store/en_US/Prod-A2013050G100/A2013050G100,,Needs verification - format/ID,Official Agilent Polaris NH2 guard found; confirm format for 2.0/3.0/4.6 mm analytical columns before ordering.
SKU,Polaris NH2 180 A HPLC Column,A2014250X020,Ultra-pure silica and silanol shielding; NH2 chemistry for polar samples.,2 mm x 250 mm; 3 um; 180 A,Sugar and carbohydrate analysis; polar compounds in HILIC mode.,"1,096.00 USD",Polaris,HILIC,3 um,2 mm,250 mm,180 A,,No,1 Each,31,https://www.agilent.com/en/product/small-molecule-columns/hilic-columns/polaris-hilic,Representative first-page row; also overlaps NP/SFC Polaris listings.,A2013050G100,"Polaris NH2 Guard Column, 180 A, 5 um, 50 x 10.0 mm",https://www.agilent.com/store/en_US/Prod-A2013050G100/A2013050G100,,Needs verification - format/ID,Official Agilent Polaris NH2 guard found; confirm format for 2.0/3.0/4.6 mm analytical columns before ordering.
SKU,Polaris NH2 180 A HPLC Column,A2014250X030,Ultra-pure silica and silanol shielding; NH2 chemistry for polar samples.,3 mm x 250 mm; 3 um; 180 A,Sugar and carbohydrate analysis; polar compounds in HILIC mode.,"1,118.00 USD",Polaris,HILIC,3 um,3 mm,250 mm,180 A,,No,1 Each,31,https://www.agilent.com/en/product/small-molecule-columns/hilic-columns/polaris-hilic,Representative first-page row; also overlaps NP/SFC Polaris listings.,A2013050G100,"Polaris NH2 Guard Column, 180 A, 5 um, 50 x 10.0 mm",https://www.agilent.com/store/en_US/Prod-A2013050G100/A2013050G100,,Needs verification - format/ID,Official Agilent Polaris NH2 guard found; confirm format for 2.0/3.0/4.6 mm analytical columns before ordering.
SKU,Polaris NH2 180 A HPLC Column,A2014100X046,Ultra-pure silica and silanol shielding; NH2 chemistry for polar samples.,4.6 mm x 100 mm; 3 um; 180 A,Sugar and carbohydrate analysis; polar compounds in HILIC mode.,951.00 USD,Polaris,HILIC,3 um,4.6 mm,100 mm,180 A,,No,1 Each,31,https://www.agilent.com/en/product/small-molecule-columns/hilic-columns/polaris-hilic,Representative first-page row; also overlaps NP/SFC Polaris listings.,A2013050G100,"Polaris NH2 Guard Column, 180 A, 5 um, 50 x 10.0 mm",https://www.agilent.com/store/en_US/Prod-A2013050G100/A2013050G100,,Needs verification - format/ID,Official Agilent Polaris NH2 guard found; confirm format for 2.0/3.0/4.6 mm analytical columns before ordering.
SKU,Polaris NH2 180 A HPLC Column,A2014150X046,Ultra-pure silica and silanol shielding; NH2 chemistry for polar samples.,4.6 mm x 150 mm; 3 um; 180 A,Sugar and carbohydrate analysis; polar compounds in HILIC mode.,987.00 USD,Polaris,HILIC,3 um,4.6 mm,150 mm,180 A,,No,1 Each,31,https://www.agilent.com/en/product/small-molecule-columns/hilic-columns/polaris-hilic,Representative first-page row; also overlaps NP/SFC Polaris listings.,A2013050G100,"Polaris NH2 Guard Column, 180 A, 5 um, 50 x 10.0 mm",https://www.agilent.com/store/en_US/Prod-A2013050G100/A2013050G100,,Needs verification - format/ID,Official Agilent Polaris NH2 guard found; confirm format for 2.0/3.0/4.6 mm analytical columns before ordering.
SKU,Polaris NH2 180 A HPLC Column,A2014250X046,Ultra-pure silica and silanol shielding; NH2 chemistry for polar samples.,4.6 mm x 250 mm; 3 um; 180 A,Sugar and carbohydrate analysis; polar compounds in HILIC mode.,"1,118.00 USD",Polaris,HILIC,3 um,4.6 mm,250 mm,180 A,,No,1 Each,31,https://www.agilent.com/en/product/small-molecule-columns/hilic-columns/polaris-hilic,Representative first-page row; also overlaps NP/SFC Polaris listings.,A2013050G100,"Polaris NH2 Guard Column, 180 A, 5 um, 50 x 10.0 mm",https://www.agilent.com/store/en_US/Prod-A2013050G100/A2013050G100,,Needs verification - format/ID,Official Agilent Polaris NH2 guard found; confirm format for 2.0/3.0/4.6 mm analytical columns before ordering.
SKU,Polaris NH2 180 A HPLC Column,A2014050X046,Ultra-pure silica and silanol shielding; NH2 chemistry for polar samples.,4.6 mm x 50 mm; 3 um; 180 A,Sugar and carbohydrate analysis; polar compounds in HILIC mode.,695.00 USD,Polaris,HILIC,3 um,4.6 mm,50 mm,180 A,,No,1 Each,31,https://www.agilent.com/en/product/small-molecule-columns/hilic-columns/polaris-hilic,Representative first-page row; also overlaps NP/SFC Polaris listings.,A2013050G100,"Polaris NH2 Guard Column, 180 A, 5 um, 50 x 10.0 mm",https://www.agilent.com/store/en_US/Prod-A2013050G100/A2013050G100,,Needs verification - format/ID,Official Agilent Polaris NH2 guard found; confirm format for 2.0/3.0/4.6 mm analytical columns before ordering.
SKU,Polaris NH2 180 A HPLC Column,A2014050X020,Ultra-pure silica and silanol shielding; NH2 chemistry for polar samples.,2 mm x 50 mm; 3 um; 180 A,Sugar and carbohydrate analysis; polar compounds in HILIC mode.,682.00 USD,Polaris,HILIC,3 um,2 mm,50 mm,180 A,,No,1 Each,31,https://www.agilent.com/en/product/small-molecule-columns/hilic-columns/polaris-hilic,Representative first-page row; also overlaps NP/SFC Polaris listings.,A2013050G100,"Polaris NH2 Guard Column, 180 A, 5 um, 50 x 10.0 mm",https://www.agilent.com/store/en_US/Prod-A2013050G100/A2013050G100,,Needs verification - format/ID,Official Agilent Polaris NH2 guard found; confirm format for 2.0/3.0/4.6 mm analytical columns before ordering.
SKU,Polaris NH2 180 A HPLC Column,A2014050X030,Ultra-pure silica and silanol shielding; NH2 chemistry for polar samples.,3 mm x 50 mm; 3 um; 180 A,Sugar and carbohydrate analysis; polar compounds in HILIC mode.,695.00 USD,Polaris,HILIC,3 um,3 mm,50 mm,180 A,,No,1 Each,31,https://www.agilent.com/en/product/small-molecule-columns/hilic-columns/polaris-hilic,Representative first-page row; also overlaps NP/SFC Polaris listings.,A2013050G100,"Polaris NH2 Guard Column, 180 A, 5 um, 50 x 10.0 mm",https://www.agilent.com/store/en_US/Prod-A2013050G100/A2013050G100,,Needs verification - format/ID,Official Agilent Polaris NH2 guard found; confirm format for 2.0/3.0/4.6 mm analytical columns before ordering.
SKU,Agilent Prep 100A C18,449905-302,Preparative reversed-phase C18 column.,30 mm x 100 mm; 5 um; 100 A,Preparative reversed-phase purification.,"6,927.00 USD",Prep,Preparative Reversed Phase,5 um,30 mm,100 mm,100 A,,No,1 Each,19,https://www.agilent.com/en/product/small-molecule-columns/preparative-hplc-columns/reversed-phase-prep,First-page row from public Agilent product list.,,,https://www.agilent.com/en/product/small-molecule-columns/preparative-hplc-columns/reversed-phase-prep,,Needs verification - prep scale,"Preparative guard choice depends on column phase, ID, end fittings, and prep hardware; no single universal guard link was assigned."
SKU,Agilent Prep 100A C18,446905-302,Preparative reversed-phase C18 column.,30 mm x 50 mm; 5 um; 100 A,Preparative reversed-phase purification.,"4,898.00 USD",Prep,Preparative Reversed Phase,5 um,30 mm,50 mm,100 A,,No,1 Each,19,https://www.agilent.com/en/product/small-molecule-columns/preparative-hplc-columns/reversed-phase-prep,First-page row from public Agilent product list.,,,https://www.agilent.com/en/product/small-molecule-columns/preparative-hplc-columns/reversed-phase-prep,,Needs verification - prep scale,"Preparative guard choice depends on column phase, ID, end fittings, and prep hardware; no single universal guard link was assigned."
SKU,Altura Oligo HPH-C18 Column,227205-702,Ultra Inert technology for improved peak shape and sample recovery.,2.1 mm x 50 mm; 2.7 um; HPH-C18,Oligonucleotide separations; high-pH reversed phase; metal-sensitive analytes.,"1,050.00 USD",Altura Ultra Inert,Reversed Phase,2.7 um,2.1 mm,50 mm,,Ultra Inert SS,No,1 Each,26,https://www.agilent.com/en/product/biopharma-hplc-analysis/ultra-inert-hplc-columns/altura-ultra-inert-hplc-columns,Representative row from public Agilent result.,,,https://www.agilent.com/en/product/biopharma-hplc-analysis/ultra-inert-hplc-columns/altura-ultra-inert-hplc-columns,,Needs verification - Ultra Inert hardware,No exact public guard column was confirmed for this Ultra Inert/Oligo HPH-C18 row; verify with Agilent to preserve ultra-inert flow-path compatibility.
SKU,Altura Oligo HPH-C18 Column,227210-702,Ultra Inert technology for improved peak shape and sample recovery.,2.1 mm x 100 mm; 2.7 um; HPH-C18,Oligonucleotide separations; high-pH reversed phase; metal-sensitive analytes.,"1,250.00 USD",Altura Ultra Inert,Reversed Phase,2.7 um,2.1 mm,100 mm,,Ultra Inert SS,No,1 Each,26,https://www.agilent.com/en/product/biopharma-hplc-analysis/ultra-inert-hplc-columns/altura-ultra-inert-hplc-columns,Representative row from public Agilent result.,,,https://www.agilent.com/en/product/biopharma-hplc-analysis/ultra-inert-hplc-columns/altura-ultra-inert-hplc-columns,,Needs verification - Ultra Inert hardware,No exact public guard column was confirmed for this Ultra Inert/Oligo HPH-C18 row; verify with Agilent to preserve ultra-inert flow-path compatibility.
SKU,Altura Oligo HPH-C18 Column,227215-702,Ultra Inert technology for improved peak shape and sample recovery.,2.1 mm x 150 mm; 2.7 um; HPH-C18,Oligonucleotide separations; high-pH reversed phase; metal-sensitive analytes.,"1,450.00 USD",Altura Ultra Inert,Reversed Phase,2.7 um,2.1 mm,150 mm,,Ultra Inert SS,No,1 Each,26,https://www.agilent.com/en/product/biopharma-hplc-analysis/ultra-inert-hplc-columns/altura-ultra-inert-hplc-columns,Representative row from public Agilent result.,,,https://www.agilent.com/en/product/biopharma-hplc-analysis/ultra-inert-hplc-columns/altura-ultra-inert-hplc-columns,,Needs verification - Ultra Inert hardware,No exact public guard column was confirmed for this Ultra Inert/Oligo HPH-C18 row; verify with Agilent to preserve ultra-inert flow-path compatibility.
SKU,AdvanceBio SEC,PL1580-3302,SEC column for large biological molecules such as VLPs and large oligonucleotides.,4.6 mm x 150 mm; 2.7 um; 1000 A,Large molecule aggregate analysis; VLPs; large oligonucleotides.,"3,014.00 USD",AdvanceBio SEC,SEC,2.7 um,4.6 mm,150 mm,1000 A,,No,1 Each,32,https://www.agilent.com/en/product/biopharma-hplc-analysis/aggregate-fragment-analysis/advancebio-sec,First-page row from Agilent public product list.,PL1580-1302,"AdvanceBio SEC 1000 A Guard Column, 2.7 um, 4.6 x 50 mm",https://www.agilent.com/store/en_US/Prod-PL1580-1302/PL1580-1302,,Matched,
SKU,AdvanceBio SEC,PL1580-5302,SEC column for large biological molecules such as VLPs and large oligonucleotides.,4.6 mm x 300 mm; 2.7 um; 1000 A,Large molecule aggregate analysis; VLPs; large oligonucleotides.,"3,337.00 USD",AdvanceBio SEC,SEC,2.7 um,4.6 mm,300 mm,1000 A,,No,1 Each,32,https://www.agilent.com/en/product/biopharma-hplc-analysis/aggregate-fragment-analysis/advancebio-sec,First-page row from Agilent public product list.,PL1580-1302,"AdvanceBio SEC 1000 A Guard Column, 2.7 um, 4.6 x 50 mm",https://www.agilent.com/store/en_US/Prod-PL1580-1302/PL1580-1302,,Matched,
SKU,AdvanceBio SEC,PL1180-5302,SEC column for large biological molecules such as VLPs and large oligonucleotides.,7.8 mm x 300 mm; 2.7 um; 1000 A,Large molecule aggregate analysis; VLPs; large oligonucleotides.,"3,983.00 USD",AdvanceBio SEC,SEC,2.7 um,7.8 mm,300 mm,1000 A,,No,1 Each,32,https://www.agilent.com/en/product/biopharma-hplc-analysis/aggregate-fragment-analysis/advancebio-sec,First-page row from Agilent public product list.,PL1180-1302,"AdvanceBio SEC 1000 A Guard Column, 2.7 um, 7.8 x 50 mm",https://www.agilent.com/store/en_US/Prod-PL1180-1302/PL1180-1302,,Matched,
SKU,AdvanceBio SEC,PL1580-3250,SEC column for protein and peptide aggregates/fragments; resolving range 1-80 kDa.,4.6 mm x 150 mm; 1.9 um; 120 A,Protein/peptide aggregate and fragment analysis.,"3,125.00 USD",AdvanceBio SEC,SEC,1.9 um,4.6 mm,150 mm,120 A,,No,1 Each,32,https://www.agilent.com/en/product/biopharma-hplc-analysis/aggregate-fragment-analysis/advancebio-sec,First-page row from Agilent public product list.,PL1580-1250,"AdvanceBio SEC 120 A Guard Column, 1.9 um, 4.6 x 30 mm",https://www.agilent.com/store/en_US/Prod-PL1580-1250/PL1580-1250,,Matched,
SKU,AdvanceBio SEC,PL1580-5250,SEC column for protein and peptide aggregates/fragments; resolving range 1-80 kDa.,4.6 mm x 300 mm; 1.9 um; 120 A,Protein/peptide aggregate and fragment analysis.,"4,442.00 USD",AdvanceBio SEC,SEC,1.9 um,4.6 mm,300 mm,120 A,,No,1 Each,32,https://www.agilent.com/en/product/biopharma-hplc-analysis/aggregate-fragment-analysis/advancebio-sec,First-page row from Agilent public product list.,PL1580-1250,"AdvanceBio SEC 120 A Guard Column, 1.9 um, 4.6 x 30 mm",https://www.agilent.com/store/en_US/Prod-PL1580-1250/PL1580-1250,,Matched,
SKU,AdvanceBio SEC,PL1580-1250,Guard column for longer analytical SEC columns.,4.6 mm x 30 mm; 1.9 um; 120 A,Guard/protection for SEC columns.,946.00 USD,AdvanceBio SEC,SEC,1.9 um,4.6 mm,30 mm,120 A,,Yes,1 Each,32,https://www.agilent.com/en/product/biopharma-hplc-analysis/aggregate-fragment-analysis/advancebio-sec,First-page row from Agilent public product list.,PL1580-1250,AdvanceBio SEC,https://www.agilent.com/store/en_US/Prod-PL1580-1250/PL1580-1250,,This row is a guard,This SKU is already a guard column/cartridge; link points to itself.
SKU,AdvanceBio SEC,PL1980-3250PK,PEEK-lined SEC column for protein/peptide aggregate and fragment analysis.,2.1 mm x 150 mm; 1.9 um; 120 A,Metal-free flow path for biomolecule SEC.,"2,417.00 USD",AdvanceBio SEC,SEC,1.9 um,2.1 mm,150 mm,120 A,,No,1 Each,32,https://www.agilent.com/en/product/biopharma-hplc-analysis/aggregate-fragment-analysis/advancebio-sec,First-page row from Agilent public product list.,,,https://www.agilent.com/en/product/biopharma-hplc-analysis/aggregate-fragment-analysis/advancebio-sec,,Needs verification - PEEK/microbore,No exact public 2.1 mm PEEK-lined AdvanceBio SEC guard was confirmed; verify with Agilent before ordering.
SKU,AdvanceBio SEC,PL1980-1250PK,PEEK-lined short SEC column.,2.1 mm x 50 mm; 1.9 um; 120 A,Metal-free flow path for biomolecule SEC.,"2,233.00 USD",AdvanceBio SEC,SEC,1.9 um,2.1 mm,50 mm,120 A,,No,1 Each,32,https://www.agilent.com/en/product/biopharma-hplc-analysis/aggregate-fragment-analysis/advancebio-sec,First-page row from Agilent public product list.,,,https://www.agilent.com/en/product/biopharma-hplc-analysis/aggregate-fragment-analysis/advancebio-sec,,Needs verification - PEEK/microbore,No exact public 2.1 mm PEEK-lined AdvanceBio SEC guard was confirmed; verify with Agilent before ordering.
SKU,AdvanceBio SEC,PL1580-3350,SEC column resolving range 0.1-120 kDa.,4.6 mm x 150 mm; 2.7 um; 130 A,Peptides and small proteins.,"1,779.00 USD",AdvanceBio SEC,SEC,2.7 um,4.6 mm,150 mm,130 A,,,1 Each,32,https://www.agilent.com/en/product/biopharma-hplc-analysis/aggregate-fragment-analysis/advancebio-sec,First-page row from Agilent public product list.,PL1580-1350,"AdvanceBio SEC 130 A Guard Column, 2.7 um, 4.6 x 50 mm",https://www.agilent.com/store/en_US/Prod-PL1580-1350/PL1580-1350,,Matched,
SKU,AdvanceBio SEC,PL1580-5350,SEC column resolving range 0.1-120 kDa.,4.6 mm x 300 mm; 2.7 um; 130 A,Peptides and small proteins.,"2,453.00 USD",AdvanceBio SEC,SEC,2.7 um,4.6 mm,300 mm,130 A,,,1 Each,32,https://www.agilent.com/en/product/biopharma-hplc-analysis/aggregate-fragment-analysis/advancebio-sec,First-page row from Agilent public product list.,PL1580-1350,"AdvanceBio SEC 130 A Guard Column, 2.7 um, 4.6 x 50 mm",https://www.agilent.com/store/en_US/Prod-PL1580-1350/PL1580-1350,,Matched,
SKU,AdvanceBio SEC,PL1580-1350,SEC guard column.,4.6 mm x 50 mm; 2.7 um; 130 A,Guard/protection for SEC columns.,911.00 USD,AdvanceBio SEC,SEC,2.7 um,4.6 mm,50 mm,130 A,,Yes,1 Each,32,https://www.agilent.com/en/product/biopharma-hplc-analysis/aggregate-fragment-analysis/advancebio-sec,First-page row from Agilent public product list.,PL1580-1350,AdvanceBio SEC,https://www.agilent.com/store/en_US/Prod-PL1580-1350/PL1580-1350,,This row is a guard,This SKU is already a guard column/cartridge; link points to itself.
SKU,AdvanceBio SEC,PL1180-3350,SEC column resolving range 0.1-120 kDa.,7.8 mm x 150 mm; 2.7 um; 130 A,Peptides and small proteins.,"2,032.00 USD",AdvanceBio SEC,SEC,2.7 um,7.8 mm,150 mm,130 A,,,1 Each,32,https://www.agilent.com/en/product/biopharma-hplc-analysis/aggregate-fragment-analysis/advancebio-sec,First-page row from Agilent public product list.,PL1180-1350,"AdvanceBio SEC 130 A Guard Column, 2.7 um, 7.8 x 50 mm",https://www.agilent.com/store/en_US/Prod-PL1180-1350/PL1180-1350,,Matched,
SKU,AdvanceBio Amide HILIC Column,858750-913,Amide HILIC chemistry for glycan separations.,2.1 mm x 100 mm; 1.8 um; 300 A,Glycan mapping; labeled and unlabeled glycan analysis; fluorescence/MS detection.,Request Quote,AdvanceBio Glycan Mapping / Amide HILIC,HILIC,1.8 um,2.1 mm,100 mm,300 A,,No,1 Each,14,https://www.agilent.com/en/product/biopharma-hplc-analysis/glycan-analysis/glycan-analysis-columns/advancebio-glycan-mapping,No public list price on indexed row.,821725-905,"AdvanceBio Glycan Mapping 300 A, 2.1 x 5 mm, 1.8 um guard, 3/pk",https://www.agilent.com/store/en_US/Prod-821725-905/821725-905,,Matched,
SKU,AdvanceBio Amide HILIC Column,859750-913,Amide HILIC chemistry for glycan separations.,2.1 mm x 150 mm; 1.8 um; 300 A,Glycan mapping; labeled and unlabeled glycan analysis; fluorescence/MS detection.,Request Quote,AdvanceBio Glycan Mapping / Amide HILIC,HILIC,1.8 um,2.1 mm,150 mm,300 A,,No,1 Each,14,https://www.agilent.com/en/product/biopharma-hplc-analysis/glycan-analysis/glycan-analysis-columns/advancebio-glycan-mapping,No public list price on indexed row.,821725-905,"AdvanceBio Glycan Mapping 300 A, 2.1 x 5 mm, 1.8 um guard, 3/pk",https://www.agilent.com/store/en_US/Prod-821725-905/821725-905,,Matched,
SKU,AdvanceBio Glycan Mapping,685775-913,Amide HILIC chemistry for glycan separations.,2.1 mm x 100 mm; 2.7 um; 120 A,Glycan mapping; labeled and unlabeled glycan analysis; fluorescence/MS detection.,"1,136.00 USD",AdvanceBio Glycan Mapping / Amide HILIC,HILIC,2.7 um,2.1 mm,100 mm,120 A,,No,1 Each,14,https://www.agilent.com/en/product/biopharma-hplc-analysis/glycan-analysis/glycan-analysis-columns/advancebio-glycan-mapping,First-page row from public Agilent product list.,821725-906,"AdvanceBio Glycan Mapping 120 A, 2.1 x 5 mm, 2.7 um guard, 3/pk",https://www.agilent.com/store/en_US/Prod-821725-906/821725-906,,Matched,
SKU,AdvanceBio Glycan Mapping,683775-913,Amide HILIC chemistry for glycan separations.,2.1 mm x 150 mm; 2.7 um; 120 A,Glycan mapping; labeled and unlabeled glycan analysis; fluorescence/MS detection.,"1,238.00 USD",AdvanceBio Glycan Mapping / Amide HILIC,HILIC,2.7 um,2.1 mm,150 mm,120 A,,No,1 Each,14,https://www.agilent.com/en/product/biopharma-hplc-analysis/glycan-analysis/glycan-analysis-columns/advancebio-glycan-mapping,First-page row from public Agilent product list.,821725-906,"AdvanceBio Glycan Mapping 120 A, 2.1 x 5 mm, 2.7 um guard, 3/pk",https://www.agilent.com/store/en_US/Prod-821725-906/821725-906,,Matched,
SKU,AdvanceBio Glycan Mapping,651750-913,Amide HILIC chemistry for glycan separations.,2.1 mm x 250 mm; 2.7 um; 120 A,Glycan mapping; labeled and unlabeled glycan analysis; fluorescence/MS detection.,"1,458.00 USD",AdvanceBio Glycan Mapping / Amide HILIC,HILIC,2.7 um,2.1 mm,250 mm,120 A,,No,1 Each,14,https://www.agilent.com/en/product/biopharma-hplc-analysis/glycan-analysis/glycan-analysis-columns/advancebio-glycan-mapping,First-page row from public Agilent product list.,821725-906,"AdvanceBio Glycan Mapping 120 A, 2.1 x 5 mm, 2.7 um guard, 3/pk",https://www.agilent.com/store/en_US/Prod-821725-906/821725-906,,Matched,
SKU,"AdvanceBio Glycan Mapping Guard, 3/pk",821725-906,Amide HILIC chemistry for glycan separations.,2.1 mm x 5 mm; 2.7 um; 120 A,Glycan mapping; labeled and unlabeled glycan analysis; fluorescence/MS detection.,877.00 USD,AdvanceBio Glycan Mapping / Amide HILIC,HILIC,2.7 um,2.1 mm,5 mm,120 A,,Yes,3 Pack,14,https://www.agilent.com/en/product/biopharma-hplc-analysis/glycan-analysis/glycan-analysis-columns/advancebio-glycan-mapping,Guard column.,821725-906,"AdvanceBio Glycan Mapping Guard, 3/pk",https://www.agilent.com/store/en_US/Prod-821725-906/821725-906,,This row is a guard,This SKU is already a guard column/cartridge; link points to itself.
SKU,AdvanceBio Glycan Mapping,685975-913,Amide HILIC chemistry for glycan separations.,4.6 mm x 100 mm; 2.7 um; 120 A,Glycan mapping; labeled and unlabeled glycan analysis; fluorescence/MS detection.,"1,170.00 USD",AdvanceBio Glycan Mapping / Amide HILIC,HILIC,2.7 um,4.6 mm,100 mm,120 A,,No,1 Each,14,https://www.agilent.com/en/product/biopharma-hplc-analysis/glycan-analysis/glycan-analysis-columns/advancebio-glycan-mapping,First-page row from public Agilent product list.,820750-905,"AdvanceBio Glycan Mapping 120 A, 4.6 x 5 mm, 2.7 um guard, 3/pk",https://www.agilent.com/store/en_US/Prod-820750-905/820750-905,,Matched,
SKU,AdvanceBio Glycan Mapping,683975-913,Amide HILIC chemistry for glycan separations.,4.6 mm x 150 mm; 2.7 um; 120 A,Glycan mapping; labeled and unlabeled glycan analysis; fluorescence/MS detection.,"1,238.00 USD",AdvanceBio Glycan Mapping / Amide HILIC,HILIC,2.7 um,4.6 mm,150 mm,120 A,,No,1 Each,14,https://www.agilent.com/en/product/biopharma-hplc-analysis/glycan-analysis/glycan-analysis-columns/advancebio-glycan-mapping,Temporarily unavailable per indexed row.,820750-905,"AdvanceBio Glycan Mapping 120 A, 4.6 x 5 mm, 2.7 um guard, 3/pk",https://www.agilent.com/store/en_US/Prod-820750-905/820750-905,,Matched,
SKU,AdvanceBio Glycan Mapping,680975-913,Amide HILIC chemistry for glycan separations.,4.6 mm x 250 mm; 2.7 um; 120 A,Glycan mapping; labeled and unlabeled glycan analysis; fluorescence/MS detection.,"1,526.00 USD",AdvanceBio Glycan Mapping / Amide HILIC,HILIC,2.7 um,4.6 mm,250 mm,120 A,,No,1 Each,14,https://www.agilent.com/en/product/biopharma-hplc-analysis/glycan-analysis/glycan-analysis-columns/advancebio-glycan-mapping,Temporarily unavailable per indexed row.,820750-905,"AdvanceBio Glycan Mapping 120 A, 4.6 x 5 mm, 2.7 um guard, 3/pk",https://www.agilent.com/store/en_US/Prod-820750-905/820750-905,,Matched,
SKU,"AdvanceBio Glycan Mapping Guard, 3/pk",820750-905,Amide HILIC chemistry for glycan separations.,4.6 mm x 5 mm; 2.7 um; 120 A,Glycan mapping; labeled and unlabeled glycan analysis; fluorescence/MS detection.,877.00 USD,AdvanceBio Glycan Mapping / Amide HILIC,HILIC,2.7 um,4.6 mm,5 mm,120 A,,Yes,3 Pack,14,https://www.agilent.com/en/product/biopharma-hplc-analysis/glycan-analysis/glycan-analysis-columns/advancebio-glycan-mapping,Guard column.,820750-905,"AdvanceBio Glycan Mapping Guard, 3/pk",https://www.agilent.com/store/en_US/Prod-820750-905/820750-905,,This row is a guard,This SKU is already a guard column/cartridge; link points to itself.
SKU,AdvanceBio Glycan Mapping,858700-913,Amide HILIC chemistry for glycan separations.,2.1 mm x 100 mm; 1.8 um; 300 A,Glycan mapping; labeled and unlabeled glycan analysis; fluorescence/MS detection.,"1,072.00 USD",AdvanceBio Glycan Mapping / Amide HILIC,HILIC,1.8 um,2.1 mm,100 mm,300 A,,No,1 Each,14,https://www.agilent.com/en/product/biopharma-hplc-analysis/glycan-analysis/glycan-analysis-columns/advancebio-glycan-mapping,First-page row from public Agilent product list.,821725-905,"AdvanceBio Glycan Mapping 300 A, 2.1 x 5 mm, 1.8 um guard, 3/pk",https://www.agilent.com/store/en_US/Prod-821725-905/821725-905,,Matched,
SKU,AdvanceBio Peptide Plus,699775-949,Charged-surface C18 reversed-phase column optimized for challenging peptide separations.,2.1 mm x 50 mm; 2.7 um; 100 A,"Peptides, impurities, post-translational modifications, LC/MS peptide separations.","1,040.00 USD",AdvanceBio Peptide Plus,Reversed Phase,2.7 um,2.1 mm,50 mm,100 A,SS,No,1 Each,16,https://www.agilent.com/en/product/biopharma-hplc-analysis/peptide-mapping/advancebio-peptide-plus,First-page row from public Agilent product list.,821725-954,"UHPLC Guard, AdvanceBio Peptide Plus, 2.1 mm, 2.7 um, 3/pk",https://www.agilent.com/store/en_US/Prod-821725-954/821725-954,,Matched,
SKU,AdvanceBio Peptide Plus,693975-349,Charged-surface C18 reversed-phase column optimized for challenging peptide separations.,3.0 mm x 150 mm; 2.7 um; 100 A,"Peptides, impurities, post-translational modifications, LC/MS peptide separations.","1,418.00 USD",AdvanceBio Peptide Plus,Reversed Phase,2.7 um,3.0 mm,150 mm,100 A,SS,No,1 Each,16,https://www.agilent.com/en/product/biopharma-hplc-analysis/peptide-mapping/advancebio-peptide-plus,First-page row from public Agilent product list.,823750-952,"UHPLC Guard, AdvanceBio Peptide Plus, 3.0 mm, 2.7 um, 3/pk",https://www.agilent.com/store/en_US/Prod-823750-952/823750-952,,Matched,
SKU,AdvanceBio Peptide Plus,693975-949,Charged-surface C18 reversed-phase column optimized for challenging peptide separations.,4.6 mm x 150 mm; 2.7 um; 100 A,"Peptides, impurities, post-translational modifications, LC/MS peptide separations.","1,441.00 USD",AdvanceBio Peptide Plus,Reversed Phase,2.7 um,4.6 mm,150 mm,100 A,SS,No,1 Each,16,https://www.agilent.com/en/product/biopharma-hplc-analysis/peptide-mapping/advancebio-peptide-plus,First-page row from public Agilent product list.,820750-940,"UHPLC Guard, AdvanceBio Peptide Plus, 4.6 mm, 2.7 um, 3/pk",https://www.agilent.com/store/en_US/Prod-820750-940/820750-940,,Matched,
SKU,AdvanceBio Peptide Plus,695775-949,Charged-surface C18 reversed-phase column optimized for challenging peptide separations.,2.1 mm x 150 mm; 2.7 um; 100 A,"Peptides, impurities, post-translational modifications, LC/MS peptide separations.","1,373.00 USD",AdvanceBio Peptide Plus,Reversed Phase,2.7 um,2.1 mm,150 mm,100 A,SS,No,1 Each,16,https://www.agilent.com/en/product/biopharma-hplc-analysis/peptide-mapping/advancebio-peptide-plus,First-page row from public Agilent product list.,821725-954,"UHPLC Guard, AdvanceBio Peptide Plus, 2.1 mm, 2.7 um, 3/pk",https://www.agilent.com/store/en_US/Prod-821725-954/821725-954,,Matched,
SKU,AdvanceBio Peptide Plus,693775-949,Charged-surface C18 reversed-phase column optimized for challenging peptide separations.,2.1 mm x 250 mm; 2.7 um; 100 A,"Peptides, impurities, post-translational modifications, LC/MS peptide separations.","1,653.00 USD",AdvanceBio Peptide Plus,Reversed Phase,2.7 um,2.1 mm,250 mm,100 A,SS,No,1 Each,16,https://www.agilent.com/en/product/biopharma-hplc-analysis/peptide-mapping/advancebio-peptide-plus,First-page row from public Agilent product list.,821725-954,"UHPLC Guard, AdvanceBio Peptide Plus, 2.1 mm, 2.7 um, 3/pk",https://www.agilent.com/store/en_US/Prod-821725-954/821725-954,,Matched,
SKU,AdvanceBio Peptide Plus Method Validation Kit,695775-949K,Charged-surface C18 reversed-phase column optimized for challenging peptide separations.,2.1 mm x 150 mm; 2.7 um; 100 A,"Peptides, impurities, post-translational modifications, LC/MS peptide separations.","3,786.00 USD",AdvanceBio Peptide Plus,Reversed Phase,2.7 um,2.1 mm,150 mm,100 A,SS,No,3 Pack,16,https://www.agilent.com/en/product/biopharma-hplc-analysis/peptide-mapping/advancebio-peptide-plus,First-page row from public Agilent product list.,821725-954,"UHPLC Guard, AdvanceBio Peptide Plus, 2.1 mm, 2.7 um, 3/pk",https://www.agilent.com/store/en_US/Prod-821725-954/821725-954,,Matched,
SKU,Altura Peptide Plus,227210-903,Charged-surface C18 reversed-phase column optimized for challenging peptide separations.,2.1 mm x 100 mm; 2.7 um; 100 A,"Peptides, impurities, post-translational modifications, LC/MS peptide separations.","1,250.00 USD",AdvanceBio Peptide Plus,Reversed Phase,2.7 um,2.1 mm,100 mm,100 A,Ultra Inert SS,No,1 Each,16,https://www.agilent.com/en/product/biopharma-hplc-analysis/peptide-mapping/advancebio-peptide-plus,First-page row from public Agilent product list.,821725-954,"UHPLC Guard, AdvanceBio Peptide Plus, 2.1 mm, 2.7 um, 3/pk",https://www.agilent.com/store/en_US/Prod-821725-954/821725-954,,Phase match; verify Ultra Inert hardware,This is the standard AdvanceBio Peptide Plus guard; verify if an Ultra Inert guard/hardware is required for the Altura row.
SKU,Altura Peptide Plus,227215-903,Charged-surface C18 reversed-phase column optimized for challenging peptide separations.,2.1 mm x 150 mm; 2.7 um; 100 A,"Peptides, impurities, post-translational modifications, LC/MS peptide separations.","1,450.00 USD",AdvanceBio Peptide Plus,Reversed Phase,2.7 um,2.1 mm,150 mm,100 A,Ultra Inert SS,No,1 Each,16,https://www.agilent.com/en/product/biopharma-hplc-analysis/peptide-mapping/advancebio-peptide-plus,First-page row from public Agilent product list.,821725-954,"UHPLC Guard, AdvanceBio Peptide Plus, 2.1 mm, 2.7 um, 3/pk",https://www.agilent.com/store/en_US/Prod-821725-954/821725-954,,Phase match; verify Ultra Inert hardware,This is the standard AdvanceBio Peptide Plus guard; verify if an Ultra Inert guard/hardware is required for the Altura row.
SKU,Agilent PL-SAX,PL1551-1502,Strong anion exchange HPLC column with fully porous PS/DVB particles.,4.6 mm x 50 mm; 5 um; 1000 A,Oligonucleotide and protein/peptide purification; anion exchange.,"1,019.00 USD",PL-SAX,Anion Exchange (SAX),5 um,4.6 mm,50 mm,1000 A,SS,No,1 Each,51,https://www.agilent.com/en/product/biopharma-hplc-analysis/charge-variant-analysis/pl-sax-for-biomolecules,First-page row from public Agilent product list; bulk media rows are not prepacked columns.,PL1651-0102,"PL-SAX 1000 A guard cartridge, 3.0 x 5 mm, 10 um, 2/pk",https://www.agilent.com/en/product/biopharma-hplc-analysis/charge-variant-analysis/pl-sax-for-biomolecules,https://www.agilent.com/store/en_US/Prod-PL1310-0016/PL1310-0016,Matched by family; product page not directly indexed,Agilent PL-SAX family pages and ordering guides list/describe PL-SAX columns; reseller and ordering-guide snippets identify PL1651-0102 guard cartridges. Verify in Agilent order center before purchase. Use with PL 3.0 x 5 mm guard cartridge holder/hardware where required.
SKU,Agilent PL-SAX,PL1951-1502,Strong anion exchange HPLC column with fully porous PS/DVB particles.,2.1 mm x 50 mm; 5 um; 1000 A,Oligonucleotide and protein/peptide purification; anion exchange.,"1,019.00 USD",PL-SAX,Anion Exchange (SAX),5 um,2.1 mm,50 mm,1000 A,SS,No,1 Each,51,https://www.agilent.com/en/product/biopharma-hplc-analysis/charge-variant-analysis/pl-sax-for-biomolecules,First-page row from public Agilent product list; bulk media rows are not prepacked columns.,PL1651-0102,"PL-SAX 1000 A guard cartridge, 3.0 x 5 mm, 10 um, 2/pk",https://www.agilent.com/en/product/biopharma-hplc-analysis/charge-variant-analysis/pl-sax-for-biomolecules,https://www.agilent.com/store/en_US/Prod-PL1310-0016/PL1310-0016,Matched by family; product page not directly indexed,Agilent PL-SAX family pages and ordering guides list/describe PL-SAX columns; reseller and ordering-guide snippets identify PL1651-0102 guard cartridges. Verify in Agilent order center before purchase. Use with PL 3.0 x 5 mm guard cartridge holder/hardware where required.
SKU,Agilent PL-SAX,PL1551-3802,Strong anion exchange HPLC column with fully porous PS/DVB particles.,4.6 mm x 150 mm; 8 um; 1000 A,Oligonucleotide and protein/peptide purification; anion exchange.,"1,221.00 USD",PL-SAX,Anion Exchange (SAX),8 um,4.6 mm,150 mm,1000 A,SS,No,1 Each,51,https://www.agilent.com/en/product/biopharma-hplc-analysis/charge-variant-analysis/pl-sax-for-biomolecules,First-page row from public Agilent product list; bulk media rows are not prepacked columns.,PL1651-0102,"PL-SAX 1000 A guard cartridge, 3.0 x 5 mm, 10 um, 2/pk",https://www.agilent.com/en/product/biopharma-hplc-analysis/charge-variant-analysis/pl-sax-for-biomolecules,https://www.agilent.com/store/en_US/Prod-PL1310-0016/PL1310-0016,Matched by family; product page not directly indexed,Agilent PL-SAX family pages and ordering guides list/describe PL-SAX columns; reseller and ordering-guide snippets identify PL1651-0102 guard cartridges. Verify in Agilent order center before purchase. Use with PL 3.0 x 5 mm guard cartridge holder/hardware where required.
SKU,Agilent PL-SAX,PL1951-1503,Strong anion exchange HPLC column with fully porous PS/DVB particles.,2.1 mm x 50 mm; 5 um; 4000 A,Oligonucleotide and protein/peptide purification; anion exchange.,"1,019.00 USD",PL-SAX,Anion Exchange (SAX),5 um,2.1 mm,50 mm,4000 A,SS,No,1 Each,51,https://www.agilent.com/en/product/biopharma-hplc-analysis/charge-variant-analysis/pl-sax-for-biomolecules,First-page row from public Agilent product list; bulk media rows are not prepacked columns.,PL1651-0103,"PL-SAX 4000 A guard cartridge, 3.0 x 5 mm, 10 um, 2/pk (verify)",https://www.agilent.com/en/product/biopharma-hplc-analysis/charge-variant-analysis/pl-sax-for-biomolecules,https://www.agilent.com/store/en_US/Prod-PL1310-0016/PL1310-0016,Needs verification - public product page not confirmed,Expected PL-SAX guard cartridge family; exact 4000 A Agilent store page was not publicly confirmed in search results. Use with PL 3.0 x 5 mm guard cartridge holder/hardware where required.
SKU,Agilent PL-SAX,PL1551-3803,Strong anion exchange HPLC column with fully porous PS/DVB particles.,4.6 mm x 150 mm; 8 um; 4000 A,Oligonucleotide and protein/peptide purification; anion exchange.,"1,221.00 USD",PL-SAX,Anion Exchange (SAX),8 um,4.6 mm,150 mm,4000 A,SS,No,1 Each,51,https://www.agilent.com/en/product/biopharma-hplc-analysis/charge-variant-analysis/pl-sax-for-biomolecules,First-page row from public Agilent product list; bulk media rows are not prepacked columns.,PL1651-0103,"PL-SAX 4000 A guard cartridge, 3.0 x 5 mm, 10 um, 2/pk (verify)",https://www.agilent.com/en/product/biopharma-hplc-analysis/charge-variant-analysis/pl-sax-for-biomolecules,https://www.agilent.com/store/en_US/Prod-PL1310-0016/PL1310-0016,Needs verification - public product page not confirmed,Expected PL-SAX guard cartridge family; exact 4000 A Agilent store page was not publicly confirmed in search results. Use with PL 3.0 x 5 mm guard cartridge holder/hardware where required.
SKU,PL-SAX Bulk Media,PL1451-6102,Bulk strong anion exchange stationary phase; column hardware not included.,10 um; 1000 A; bulk media,Oligonucleotide and protein/peptide purification; anion exchange.,"28,830.00 USD",PL-SAX,Anion Exchange (SAX),10 um,,,1000 A,Bulk Media,No,1 Each,51,https://www.agilent.com/en/product/biopharma-hplc-analysis/charge-variant-analysis/pl-sax-for-biomolecules,First-page row from public Agilent product list; bulk media rows are not prepacked columns.,,,,,Not applicable - bulk media,Bulk media is not a prepacked analytical column; guard selection depends on the packed column hardware.
SKU,PL-SAX Bulk Media,PL1451-2102,Bulk strong anion exchange stationary phase; column hardware not included.,10 um; 1000 A; bulk media,Oligonucleotide and protein/peptide purification; anion exchange.,584.00 USD,PL-SAX,Anion Exchange (SAX),10 um,,,1000 A,Bulk Media,No,1 Each,51,https://www.agilent.com/en/product/biopharma-hplc-analysis/charge-variant-analysis/pl-sax-for-biomolecules,First-page row from public Agilent product list; bulk media rows are not prepacked columns.,,,,,Not applicable - bulk media,Bulk media is not a prepacked analytical column; guard selection depends on the packed column hardware.
SKU,PL-SAX Bulk Media,PL1451-4102,Bulk strong anion exchange stationary phase; column hardware not included.,10 um; 1000 A; bulk media,Oligonucleotide and protein/peptide purification; anion exchange.,"4,403.00 USD",PL-SAX,Anion Exchange (SAX),10 um,,,1000 A,Bulk Media,No,1 Each,51,https://www.agilent.com/en/product/biopharma-hplc-analysis/charge-variant-analysis/pl-sax-for-biomolecules,First-page row from public Agilent product list; bulk media rows are not prepacked columns.,,,,,Not applicable - bulk media,Bulk media is not a prepacked analytical column; guard selection depends on the packed column hardware.
SKU,PL-SAX Prep Column,PL1851-2102,Prep-scale strong anion exchange HPLC column.,100 mm x 300 mm; 10 um; 1000 A,Oligonucleotide and protein/peptide purification; anion exchange.,"51,529.00 USD",PL-SAX,Anion Exchange (SAX),10 um,100 mm,300 mm,1000 A,SS,No,1 Each,51,https://www.agilent.com/en/product/biopharma-hplc-analysis/charge-variant-analysis/pl-sax-for-biomolecules,First-page row from public Agilent product list; bulk media rows are not prepacked columns.,,,https://www.agilent.com/en/product/biopharma-hplc-analysis/charge-variant-analysis/pl-sax-for-biomolecules,,Needs verification - large prep scale,Large preparative PL-SAX guard/protection depends on scale and hardware; no exact public guard link was confirmed.
SKU,PL-SAX Prep Column,PL1851-3102,Prep-scale strong anion exchange HPLC column.,100 mm x 300 mm; 30 um; 1000 A,Oligonucleotide and protein/peptide purification; anion exchange.,"46,243.00 USD",PL-SAX,Anion Exchange (SAX),30 um,100 mm,300 mm,1000 A,SS,No,1 Each,51,https://www.agilent.com/en/product/biopharma-hplc-analysis/charge-variant-analysis/pl-sax-for-biomolecules,First-page row from public Agilent product list; bulk media rows are not prepacked columns.,,,https://www.agilent.com/en/product/biopharma-hplc-analysis/charge-variant-analysis/pl-sax-for-biomolecules,,Needs verification - large prep scale,Large preparative PL-SAX guard/protection depends on scale and hardware; no exact public guard link was confirmed.
SKU,PL-SAX,PL1951-3802,Strong anion exchange HPLC column with fully porous PS/DVB particles.,2.1 mm x 150 mm; 8 um; 1000 A,Oligonucleotide and protein/peptide purification; anion exchange.,"1,221.00 USD",PL-SAX,Anion Exchange (SAX),8 um,2.1 mm,150 mm,1000 A,SS,No,1 Each,51,https://www.agilent.com/en/product/biopharma-hplc-analysis/charge-variant-analysis/pl-sax-for-biomolecules,First-page row from public Agilent product list; bulk media rows are not prepacked columns.,PL1651-0102,"PL-SAX 1000 A guard cartridge, 3.0 x 5 mm, 10 um, 2/pk",https://www.agilent.com/en/product/biopharma-hplc-analysis/charge-variant-analysis/pl-sax-for-biomolecules,https://www.agilent.com/store/en_US/Prod-PL1310-0016/PL1310-0016,Matched by family; product page not directly indexed,Agilent PL-SAX family pages and ordering guides list/describe PL-SAX columns; reseller and ordering-guide snippets identify PL1651-0102 guard cartridges. Verify in Agilent order center before purchase. Use with PL 3.0 x 5 mm guard cartridge holder/hardware where required.
SKU,PL-SAX,PL1951-1802,Strong anion exchange HPLC column with fully porous PS/DVB particles.,2.1 mm x 50 mm; 8 um; 1000 A,Oligonucleotide and protein/peptide purification; anion exchange.,943.00 USD,PL-SAX,Anion Exchange (SAX),8 um,2.1 mm,50 mm,1000 A,SS,No,1 Each,51,https://www.agilent.com/en/product/biopharma-hplc-analysis/charge-variant-analysis/pl-sax-for-biomolecules,First-page row from public Agilent product list; bulk media rows are not prepacked columns.,PL1651-0102,"PL-SAX 1000 A guard cartridge, 3.0 x 5 mm, 10 um, 2/pk",https://www.agilent.com/en/product/biopharma-hplc-analysis/charge-variant-analysis/pl-sax-for-biomolecules,https://www.agilent.com/store/en_US/Prod-PL1310-0016/PL1310-0016,Matched by family; product page not directly indexed,Agilent PL-SAX family pages and ordering guides list/describe PL-SAX columns; reseller and ordering-guide snippets identify PL1651-0102 guard cartridges. Verify in Agilent order center before purchase. Use with PL 3.0 x 5 mm guard cartridge holder/hardware where required.
SKU,PLRP-S,PL1312-3300,PLRP-S reversed-phase column with fully porous PS/DVB support.,1.0 mm x 150 mm; 3 um; 100 A,"Small molecule, synthetic biomolecule, peptide, protein, and oligonucleotide separations/purification.",893.00 USD,PLRP-S,Reversed Phase,3 um,1.0 mm,150 mm,100 A,SS or bulk media,No,1 Each,142,https://www.agilent.com/en/product/biopharma-hplc-analysis/intact-subunit-analysis/plrp-s-for-biomolecules,First-page row from public Agilent product list; bulk media rows are not prepacked columns.,PL1612-1801,"PLRP-S 300 A, 3 x 5 mm, 5 um guard cartridge (PL), 2/pk",https://www.agilent.com/store/en_US/Prod-PL1612-1801/PL1612-1801,https://www.agilent.com/store/en_US/Prod-PL1310-0016/PL1310-0016,Matched by PL guard cartridge family; verify pore match,Official Agilent page found for PL1612-1801 PLRP-S 300 A guard cartridge; verify pore-size compatibility if using non-300 A PLRP-S columns.
SKU,PLRP-S,PL1312-1300,PLRP-S reversed-phase column with fully porous PS/DVB support.,1.0 mm x 50 mm; 3 um; 100 A,"Small molecule, synthetic biomolecule, peptide, protein, and oligonucleotide separations/purification.",702.00 USD,PLRP-S,Reversed Phase,3 um,1.0 mm,50 mm,100 A,SS or bulk media,No,1 Each,142,https://www.agilent.com/en/product/biopharma-hplc-analysis/intact-subunit-analysis/plrp-s-for-biomolecules,First-page row from public Agilent product list; bulk media rows are not prepacked columns.,PL1612-1801,"PLRP-S 300 A, 3 x 5 mm, 5 um guard cartridge (PL), 2/pk",https://www.agilent.com/store/en_US/Prod-PL1612-1801/PL1612-1801,https://www.agilent.com/store/en_US/Prod-PL1310-0016/PL1310-0016,Matched by PL guard cartridge family; verify pore match,Official Agilent page found for PL1612-1801 PLRP-S 300 A guard cartridge; verify pore-size compatibility if using non-300 A PLRP-S columns.
SKU,PLRP-S,PL1312-1500,PLRP-S reversed-phase column with fully porous PS/DVB support.,1.0 mm x 50 mm; 5 um; 100 A,"Small molecule, synthetic biomolecule, peptide, protein, and oligonucleotide separations/purification.",787.00 USD,PLRP-S,Reversed Phase,5 um,1.0 mm,50 mm,100 A,SS or bulk media,No,1 Each,142,https://www.agilent.com/en/product/biopharma-hplc-analysis/intact-subunit-analysis/plrp-s-for-biomolecules,First-page row from public Agilent product list; bulk media rows are not prepacked columns.,PL1612-1801,"PLRP-S 300 A, 3 x 5 mm, 5 um guard cartridge (PL), 2/pk",https://www.agilent.com/store/en_US/Prod-PL1612-1801/PL1612-1801,https://www.agilent.com/store/en_US/Prod-PL1310-0016/PL1310-0016,Matched by PL guard cartridge family; verify pore match,Official Agilent page found for PL1612-1801 PLRP-S 300 A guard cartridge; verify pore-size compatibility if using non-300 A PLRP-S columns.
SKU,PLRP-S,PL1412-6100,"PLRP-S bulk media, 1 kg; column hardware not included.",10 um; 100 A; bulk media,"Small molecule, synthetic biomolecule, peptide, protein, and oligonucleotide separations/purification.","17,880.00 USD",PLRP-S,Reversed Phase,10 um,,,100 A,SS or bulk media,No,1 Each,142,https://www.agilent.com/en/product/biopharma-hplc-analysis/intact-subunit-analysis/plrp-s-for-biomolecules,First-page row from public Agilent product list; bulk media rows are not prepacked columns.,,,,,Not applicable - bulk media,Bulk media is not a prepacked analytical column; guard selection depends on the packed column hardware.
SKU,PLRP-S,PL1412-2100,"PLRP-S bulk media, 10 g; column hardware not included.",10 um; 100 A; bulk media,"Small molecule, synthetic biomolecule, peptide, protein, and oligonucleotide separations/purification.",292.00 USD,PLRP-S,Reversed Phase,10 um,,,100 A,SS or bulk media,No,1 Each,142,https://www.agilent.com/en/product/biopharma-hplc-analysis/intact-subunit-analysis/plrp-s-for-biomolecules,First-page row from public Agilent product list; bulk media rows are not prepacked columns.,,,,,Not applicable - bulk media,Bulk media is not a prepacked analytical column; guard selection depends on the packed column hardware.
SKU,PLRP-S,PL1412-4100,"PLRP-S bulk media, 100 g; column hardware not included.",10 um; 100 A; bulk media,"Small molecule, synthetic biomolecule, peptide, protein, and oligonucleotide separations/purification.","2,094.00 USD",PLRP-S,Reversed Phase,10 um,,,100 A,SS or bulk media,No,1 Each,142,https://www.agilent.com/en/product/biopharma-hplc-analysis/intact-subunit-analysis/plrp-s-for-biomolecules,First-page row from public Agilent product list; bulk media rows are not prepacked columns.,,,,,Not applicable - bulk media,Bulk media is not a prepacked analytical column; guard selection depends on the packed column hardware.
SKU,PLRP-S,PL1812-6100,PLRP-S preparative column with fully porous PS/DVB support.,100 mm x 300 mm; 10 um; 100 A,"Small molecule, synthetic biomolecule, peptide, protein, and oligonucleotide separations/purification.","37,503.00 USD",PLRP-S,Reversed Phase,10 um,100 mm,300 mm,100 A,SS or bulk media,No,1 Each,142,https://www.agilent.com/en/product/biopharma-hplc-analysis/intact-subunit-analysis/plrp-s-for-biomolecules,First-page row from public Agilent product list; bulk media rows are not prepacked columns.,,,https://www.agilent.com/en/product/biopharma-hplc-analysis/intact-subunit-analysis/plrp-s-for-biomolecules,,Needs verification - large prep scale,Large preparative PLRP-S guard/protection depends on scale and hardware; no exact public guard link was assigned.
SKU,PLRP-S,PL1812-6800,PLRP-S preparative column with fully porous PS/DVB support.,100 mm x 300 mm; 8 um; 100 A,"Small molecule, synthetic biomolecule, peptide, protein, and oligonucleotide separations/purification.","40,519.00 USD",PLRP-S,Reversed Phase,8 um,100 mm,300 mm,100 A,SS or bulk media,No,1 Each,142,https://www.agilent.com/en/product/biopharma-hplc-analysis/intact-subunit-analysis/plrp-s-for-biomolecules,First-page row from public Agilent product list; bulk media rows are not prepacked columns.,,,https://www.agilent.com/en/product/biopharma-hplc-analysis/intact-subunit-analysis/plrp-s-for-biomolecules,,Needs verification - large prep scale,Large preparative PLRP-S guard/protection depends on scale and hardware; no exact public guard link was assigned.
SKU,PLRP-S,PL1912-3300,PLRP-S reversed-phase column with fully porous PS/DVB support.,2.1 mm x 150 mm; 3 um; 100 A,"Small molecule, synthetic biomolecule, peptide, protein, and oligonucleotide separations/purification.",845.00 USD,PLRP-S,Reversed Phase,3 um,2.1 mm,150 mm,100 A,SS or bulk media,No,1 Each,142,https://www.agilent.com/en/product/biopharma-hplc-analysis/intact-subunit-analysis/plrp-s-for-biomolecules,First-page row from public Agilent product list; bulk media rows are not prepacked columns.,PL1612-1801,"PLRP-S 300 A, 3 x 5 mm, 5 um guard cartridge (PL), 2/pk",https://www.agilent.com/store/en_US/Prod-PL1612-1801/PL1612-1801,https://www.agilent.com/store/en_US/Prod-PL1310-0016/PL1310-0016,Matched by PL guard cartridge family; verify pore match,Official Agilent page found for PL1612-1801 PLRP-S 300 A guard cartridge; verify pore-size compatibility if using non-300 A PLRP-S columns.
SKU,PLRP-S,PL1912-3500,PLRP-S reversed-phase column with fully porous PS/DVB support.,2.1 mm x 150 mm; 5 um; 100 A,"Small molecule, synthetic biomolecule, peptide, protein, and oligonucleotide separations/purification.",967.00 USD,PLRP-S,Reversed Phase,5 um,2.1 mm,150 mm,100 A,SS or bulk media,No,1 Each,142,https://www.agilent.com/en/product/biopharma-hplc-analysis/intact-subunit-analysis/plrp-s-for-biomolecules,First-page row from public Agilent product list; bulk media rows are not prepacked columns.,PL1612-1801,"PLRP-S 300 A, 3 x 5 mm, 5 um guard cartridge (PL), 2/pk",https://www.agilent.com/store/en_US/Prod-PL1612-1801/PL1612-1801,https://www.agilent.com/store/en_US/Prod-PL1310-0016/PL1310-0016,Matched by PL guard cartridge family; verify pore match,Official Agilent page found for PL1612-1801 PLRP-S 300 A guard cartridge; verify pore-size compatibility if using non-300 A PLRP-S columns.
SKU,PLRP-S,PL1912-3800,PLRP-S reversed-phase column with fully porous PS/DVB support.,2.1 mm x 150 mm; 8 um; 100 A,"Small molecule, synthetic biomolecule, peptide, protein, and oligonucleotide separations/purification.",863.00 USD,PLRP-S,Reversed Phase,8 um,2.1 mm,150 mm,100 A,SS or bulk media,No,1 Each,142,https://www.agilent.com/en/product/biopharma-hplc-analysis/intact-subunit-analysis/plrp-s-for-biomolecules,First-page row from public Agilent product list; bulk media rows are not prepacked columns.,PL1612-1801,"PLRP-S 300 A, 3 x 5 mm, 5 um guard cartridge (PL), 2/pk",https://www.agilent.com/store/en_US/Prod-PL1612-1801/PL1612-1801,https://www.agilent.com/store/en_US/Prod-PL1310-0016/PL1310-0016,Matched by PL guard cartridge family; verify pore match,Official Agilent page found for PL1612-1801 PLRP-S 300 A guard cartridge; verify pore-size compatibility if using non-300 A PLRP-S columns.
SKU,PLRP-S,PL1912-5500,PLRP-S reversed-phase column with fully porous PS/DVB support.,2.1 mm x 250 mm; 5 um; 100 A,"Small molecule, synthetic biomolecule, peptide, protein, and oligonucleotide separations/purification.","1,145.00 USD",PLRP-S,Reversed Phase,5 um,2.1 mm,250 mm,100 A,SS or bulk media,No,1 Each,142,https://www.agilent.com/en/product/biopharma-hplc-analysis/intact-subunit-analysis/plrp-s-for-biomolecules,First-page row from public Agilent product list; bulk media rows are not prepacked columns.,PL1612-1801,"PLRP-S 300 A, 3 x 5 mm, 5 um guard cartridge (PL), 2/pk",https://www.agilent.com/store/en_US/Prod-PL1612-1801/PL1612-1801,https://www.agilent.com/store/en_US/Prod-PL1310-0016/PL1310-0016,Matched by PL guard cartridge family; verify pore match,Official Agilent page found for PL1612-1801 PLRP-S 300 A guard cartridge; verify pore-size compatibility if using non-300 A PLRP-S columns.
SKU,Agilent Bio SEC-5,5190-6863,5 um silica SEC column with neutral hydrophilic coating.,21.2 mm x 300 mm; 5 um; 100 A,Preparative SEC purification of biological samples; 0.1-100 kDa.,"14,119.00 USD",Bio SEC-5,SEC,5 um,21.2 mm,300 mm,100 A,,No,1 Each,48,https://www.agilent.com/en/product/biopharma-hplc-analysis/aggregate-fragment-analysis/agilent-bio-sec-5,Representative first-page row from public Agilent product list.,5190-6869,"Bio SEC-5 100 A, 21.2 x 50 mm, 5 um short/preparative column",https://www.agilent.com/store/en_US/Prod-5190-6869/5190-6869,,Needs verification - Agilent labels as short prep column,Agilent public pages describe the 21.2 x 50 mm item as a preparative-scale SEC column rather than explicitly as a guard; verify use as a prep guard/protection column.
SKU,Agilent Bio SEC-5,5190-6869,5 um silica SEC column with neutral hydrophilic coating.,21.2 mm x 50 mm; 5 um; 100 A,Preparative SEC guard/short column for biological samples; 0.1-100 kDa.,"3,574.00 USD",Bio SEC-5,SEC,5 um,21.2 mm,50 mm,100 A,,No,1 Each,48,https://www.agilent.com/en/product/biopharma-hplc-analysis/aggregate-fragment-analysis/agilent-bio-sec-5,Representative first-page row from public Agilent product list.,5190-6869,"Bio SEC-5 100 A, 21.2 x 50 mm, 5 um short/preparative column",https://www.agilent.com/store/en_US/Prod-5190-6869/5190-6869,,Needs verification - Agilent labels as short prep column,Agilent public pages describe the 21.2 x 50 mm item as a preparative-scale SEC column rather than explicitly as a guard; verify use as a prep guard/protection column.
SKU,Agilent Bio SEC-5,5190-2519,5 um silica SEC column with neutral hydrophilic coating.,4.6 mm x 150 mm; 5 um; 100 A,Peptides and small proteins; aggregate/fragment SEC; 0.1-100 kDa.,"1,794.00 USD",Bio SEC-5,SEC,5 um,4.6 mm,150 mm,100 A,,No,1 Each,48,https://www.agilent.com/en/product/biopharma-hplc-analysis/aggregate-fragment-analysis/agilent-bio-sec-5,Representative first-page row from public Agilent product list.,5190-6857,"Bio SEC-5 100 A, 4.6 x 50 mm, 5 um guard column",https://www.agilent.com/store/en_US/Prod-5190-6857/5190-6857,,Matched,
SKU,Agilent Bio SEC-5,5190-2518,5 um silica SEC column with neutral hydrophilic coating.,4.6 mm x 300 mm; 5 um; 100 A,Peptides and small proteins; aggregate/fragment SEC; 0.1-100 kDa.,"2,219.00 USD",Bio SEC-5,SEC,5 um,4.6 mm,300 mm,100 A,,No,1 Each,48,https://www.agilent.com/en/product/biopharma-hplc-analysis/aggregate-fragment-analysis/agilent-bio-sec-5,Representative first-page row from public Agilent product list.,5190-6857,"Bio SEC-5 100 A, 4.6 x 50 mm, 5 um guard column",https://www.agilent.com/store/en_US/Prod-5190-6857/5190-6857,,Matched,
SKU,Agilent Bio SEC-5,5190-6857,5 um silica SEC column with neutral hydrophilic coating.,4.6 mm x 50 mm; 5 um; 100 A,SEC guard column for 4.6 mm analytical SEC columns.,858.00 USD,Bio SEC-5,SEC,5 um,4.6 mm,50 mm,100 A,,Yes,1 Each,48,https://www.agilent.com/en/product/biopharma-hplc-analysis/aggregate-fragment-analysis/agilent-bio-sec-5,Representative first-page row from public Agilent product list.,5190-6857,Agilent Bio SEC-5,https://www.agilent.com/store/en_US/Prod-5190-6857/5190-6857,,This row is a guard,This SKU is already a guard column/cartridge; link points to itself.
SKU,Agilent Bio SEC-5,5190-2517,5 um silica SEC column with neutral hydrophilic coating.,7.8 mm x 150 mm; 5 um; 100 A,Peptides and small proteins; aggregate/fragment SEC; 0.1-100 kDa.,"1,928.00 USD",Bio SEC-5,SEC,5 um,7.8 mm,150 mm,100 A,,No,1 Each,48,https://www.agilent.com/en/product/biopharma-hplc-analysis/aggregate-fragment-analysis/agilent-bio-sec-5,Representative first-page row from public Agilent product list.,5190-2520,"Bio SEC-5 100 A, 7.8 x 50 mm, 5 um guard column",https://www.agilent.com/store/en_US/Prod-5190-2520/5190-2520,,Matched,
SKU,Agilent Bio SEC-5,5190-2516,5 um silica SEC column with neutral hydrophilic coating.,7.8 mm x 300 mm; 5 um; 100 A,Peptides and small proteins; aggregate/fragment SEC; 0.1-100 kDa.,"2,683.00 USD",Bio SEC-5,SEC,5 um,7.8 mm,300 mm,100 A,,No,1 Each,48,https://www.agilent.com/en/product/biopharma-hplc-analysis/aggregate-fragment-analysis/agilent-bio-sec-5,Representative first-page row from public Agilent product list.,5190-2520,"Bio SEC-5 100 A, 7.8 x 50 mm, 5 um guard column",https://www.agilent.com/store/en_US/Prod-5190-2520/5190-2520,,Matched,
SKU,Agilent Bio SEC-5,5190-2520,5 um silica SEC column with neutral hydrophilic coating.,7.8 mm x 50 mm; 5 um; 100 A,SEC guard column for 7.8 mm analytical SEC columns.,873.00 USD,Bio SEC-5,SEC,5 um,7.8 mm,50 mm,100 A,,Yes,1 Each,48,https://www.agilent.com/en/product/biopharma-hplc-analysis/aggregate-fragment-analysis/agilent-bio-sec-5,Representative first-page row from public Agilent product list.,5190-2520,Agilent Bio SEC-5,https://www.agilent.com/store/en_US/Prod-5190-2520/5190-2520,,This row is a guard,This SKU is already a guard column/cartridge; link points to itself.
SKU,Agilent Bio SEC-5,5190-6867,5 um silica SEC column with neutral hydrophilic coating.,21.2 mm x 300 mm; 5 um; 1000 A,Preparative SEC for very large biological samples such as virus-like particles; 50 kDa-7.5 MDa.,"14,473.00 USD",Bio SEC-5,SEC,5 um,21.2 mm,300 mm,1000 A,,No,1 Each,48,https://www.agilent.com/en/product/biopharma-hplc-analysis/aggregate-fragment-analysis/agilent-bio-sec-5,Representative first-page row from public Agilent product list.,5190-6873,"Bio SEC-5 1000 A, 21.2 x 50 mm, 5 um short/preparative column",https://www.agilent.com/store/en_US/Prod-5190-6873/5190-6873,,Needs verification - Agilent labels as short prep column,Agilent public pages describe the 21.2 x 50 mm item as a preparative-scale SEC column rather than explicitly as a guard; verify use as a prep guard/protection column.
SKU,PL aquagel-OH 40,PL1149-6840,"Aqueous GPC/SEC column for synthetic polymers, starches, and polysaccharides.",7.5 mm x 300 mm; 8 um; resolving range 10 kDa-200 kDa,Aqueous GPC/SEC of water-soluble polymers and polysaccharides.,"2,583.00 USD",PL aquagel-OH,Aqueous GPC/SEC,8 um,7.5 mm,300 mm,,,No,1 Each,24,https://www.agilent.com/en/product/gpc-sec-columns-standards/aqueous-gpc-sec-columns/pl-aquagel-oh,Representative row from public Agilent product list.,PL1149-1840,"PL aquagel-OH, 7.5 x 50 mm, 8 um guard",https://www.agilent.com/store/en_US/Prod-PL1149-1840/PL1149-1840,,Matched,
SKU,PL aquagel-OH 50,PL1249-6150,"Aqueous GPC/SEC column for synthetic polymers, starches, and polysaccharides.",25 mm x 300 mm; 8 um; resolving range 50 kDa-600 kDa,Aqueous GPC/SEC of water-soluble polymers and polysaccharides.,"6,138.00 USD",PL aquagel-OH,Aqueous GPC/SEC,8 um,25 mm,300 mm,,,No,1 Each,24,https://www.agilent.com/en/product/gpc-sec-columns-standards/aqueous-gpc-sec-columns/pl-aquagel-oh,Representative row from public Agilent product list.,PL1249-1120,"PL aquagel-OH, 25.0 x 25 mm, 10 um guard",https://www.agilent.com/store/en_US/Prod-PL1249-1120/PL1249-1120,,Matched,
SKU,PL aquagel-OH 50,PL1149-6850,"Aqueous GPC/SEC column for synthetic polymers, starches, and polysaccharides.",7.5 mm x 300 mm; 8 um; resolving range 50 kDa-600 kDa,Aqueous GPC/SEC of water-soluble polymers and polysaccharides.,"2,583.00 USD",PL aquagel-OH,Aqueous GPC/SEC,8 um,7.5 mm,300 mm,,,No,1 Each,24,https://www.agilent.com/en/product/gpc-sec-columns-standards/aqueous-gpc-sec-columns/pl-aquagel-oh,Representative row from public Agilent product list.,PL1149-1840,"PL aquagel-OH, 7.5 x 50 mm, 8 um guard",https://www.agilent.com/store/en_US/Prod-PL1149-1840/PL1149-1840,,Matched,
SKU,PL aquagel-OH 60,PL1249-6160,"Aqueous GPC/SEC column for synthetic polymers, starches, and polysaccharides.",25 mm x 300 mm; 8 um; resolving range 200 kDa-10 MDa,Aqueous GPC/SEC of water-soluble polymers and polysaccharides.,"6,138.00 USD",PL aquagel-OH,Aqueous GPC/SEC,8 um,25 mm,300 mm,,,No,1 Each,24,https://www.agilent.com/en/product/gpc-sec-columns-standards/aqueous-gpc-sec-columns/pl-aquagel-oh,Representative row from public Agilent product list.,PL1249-1120,"PL aquagel-OH, 25.0 x 25 mm, 10 um guard",https://www.agilent.com/store/en_US/Prod-PL1249-1120/PL1249-1120,,Matched,
SKU,PLgel Olexis,PL1110-6400,"High-temperature organic GPC/SEC column compatible with TCB, oDCB, chloronaphthalene, and related solvents.",7.5 mm x 300 mm; 13 um; resolving range 500 Da-10 MDa,"Polyolefins, polyethylene, polypropylene, high-performance polymers.","2,350.00 USD",PLgel Olexis,Organic GPC/SEC,13 um,7.5 mm,300 mm,,,No,1 Each,2,https://www.agilent.com/en/product/gpc-sec-columns-standards/organic-gpc-sec-columns/plgel-olexis,Visible row from public Agilent product list.,PL1110-1400,"PLgel Olexis, 7.5 x 50 mm, 13 um guard",https://www.agilent.com/store/en_US/Prod-PL1110-1400/PL1110-1400,,Matched,
SKU,PLgel Olexis Guard,PL1110-1400,"High-temperature organic GPC/SEC column compatible with TCB, oDCB, chloronaphthalene, and related solvents.",7.5 mm x 50 mm; 13 um; resolving range 2 kDa-10 MDa,"Polyolefins, polyethylene, polypropylene, high-performance polymers.",759.00 USD,PLgel Olexis,Organic GPC/SEC,13 um,7.5 mm,50 mm,,,Yes,1 Each,2,https://www.agilent.com/en/product/gpc-sec-columns-standards/organic-gpc-sec-columns/plgel-olexis,Visible row from public Agilent product list.,PL1110-1400,PLgel Olexis Guard,https://www.agilent.com/store/en_US/Prod-PL1110-1400/PL1110-1400,,This row is a guard,This SKU is already a guard column/cartridge; link points to itself.
SKU,PL Rapide Aqua H,PL1049-2800,PL Rapide Aqua SEC column for high speed and resolution on older systems.,10 mm x 100 mm; 8 um; resolving range 6 kDa-10 MDa,Aqueous SEC/GPC of macromolecules on high-dead-volume systems.,"2,072.00 USD",PL Rapide Aqua,Aqueous GPC/SEC,8 um,10 mm,100 mm,,,No,1 Each,4,https://www.agilent.com/en/product/gpc-sec-columns-standards/aqueous-gpc-sec-columns/pl-rapide-aqua,Only first visible row from public Agilent product list.,,,https://www.agilent.com/en/product/gpc-sec-columns-standards/aqueous-gpc-sec-columns/pl-rapide-aqua,,Needs verification - no exact guard found,No exact public PL Rapide Aqua guard page was found in this pass; verify with Agilent GPC/SEC selector or support.